asset_key,display_name,source_title,source_kind,source_page_url,source_image_url,official_cdn_url,local_path,image_format,mime,width,height,bytes,sha256,duplicate_of,status,error
PlayerBoy,Aether,File:Aether Side Icon.png,official_cdn,https://genshin-impact.fandom.com/wiki/File:Aether_Side_Icon.png,https://upload-bbs.mihoyo.com/game_record/genshin/character_side_icon/UI_AvatarIcon_Side_PlayerBoy.png,https://upload-bbs.mihoyo.com/game_record/genshin/character_side_icon/UI_AvatarIcon_Side_PlayerBoy.png,Characters/Side/UI_AvatarIcon_Side_PlayerBoy.png,PNG,image/png,128,128,16092,05dbe0d5436c613ae0c8b7e3ee1537dd8d7837beb5d062d19a059d6ce70b1b23,,success,
Aino,Aino,File:Aino Side Icon.png,fandom_mirror,https://genshin-impact.fandom.com/wiki/File:Aino_Side_Icon.png,https://static.wikia.nocookie.net/gensin-impact/images/c/c4/Aino_Side_Icon.png/revision/latest?cb=20250910025406&format=original,https://upload-bbs.mihoyo.com/game_record/genshin/character_side_icon/UI_AvatarIcon_Side_Aino.png,Characters/Side/UI_AvatarIcon_Side_Aino.png,PNG,image/png,128,128,14477,945f5ba01857c8043daf9e37328a59ef8dad174e088fbce3a357b442250701e3,,success,
Albedo,Albedo,File:Albedo Side Icon.png,official_cdn,https://genshin-impact.fandom.com/wiki/File:Albedo_Side_Icon.png,https://upload-bbs.mihoyo.com/game_record/genshin/character_side_icon/UI_AvatarIcon_Side_Albedo.png,https://upload-bbs.mihoyo.com/game_record/genshin/character_side_icon/UI_AvatarIcon_Side_Albedo.png,Characters/Side/UI_AvatarIcon_Side_Albedo.png,PNG,image/png,128,128,31812,914f9580a73c52c6e157b8cbb2c77312f8f2908afb108e9f8d31246b4c97a62c,,success,
Alhaitham,Alhaitham,File:Alhaitham Side Icon.png,fandom_mirror,https://genshin-impact.fandom.com/wiki/File:Alhaitham_Side_Icon.png,https://static.wikia.nocookie.net/gensin-impact/images/c/cb/Alhaitham_Side_Icon.png/revision/latest?cb=20230118023214&format=original,https://upload-bbs.mihoyo.com/game_record/genshin/character_side_icon/UI_AvatarIcon_Side_Alhaitham.png,Characters/Side/UI_AvatarIcon_Side_Alhaitham.png,PNG,image/png,128,128,16331,85042719add21be0d685ca61c9f83e268a4f58e612aaad5e9f144037f9f86d7a,,success,
Aloy,Aloy,File:Aloy Side Icon.png,official_cdn,https://genshin-impact.fandom.com/wiki/File:Aloy_Side_Icon.png,https://upload-bbs.mihoyo.com/game_record/genshin/character_side_icon/UI_AvatarIcon_Side_Aloy.png,https://upload-bbs.mihoyo.com/game_record/genshin/character_side_icon/UI_AvatarIcon_Side_Aloy.png,Characters/Side/UI_AvatarIcon_Side_Aloy.png,PNG,image/png,128,128,18661,b69618381e907a288b5d11f1a79655d048687e81557dde1f9d29885d6fa459b1,,success,
Alyosha,Alyosha,File:Alyosha Side Icon.png,fandom_mirror,https://genshin-impact.fandom.com/wiki/File:Alyosha_Side_Icon.png,https://static.wikia.nocookie.net/gensin-impact/images/f/fb/Alyosha_Side_Icon.png/revision/latest?cb=20260812034114&format=original,https://upload-bbs.mihoyo.com/game_record/genshin/character_side_icon/UI_AvatarIcon_Side_Alyosha.png,Characters/Side/UI_AvatarIcon_Side_Alyosha.png,PNG,image/png,128,128,12798,d5910a5c190ec5560263d7ba5d722b37843934e8f895ea6a9aa9d90d02a35bda,,success,
Amber,Amber,File:Amber Side Icon.png,fandom_mirror,https://genshin-impact.fandom.com/wiki/File:Amber_Side_Icon.png,https://static.wikia.nocookie.net/gensin-impact/images/0/07/Amber_Side_Icon.png/revision/latest?cb=20230402145552&format=original,https://upload-bbs.mihoyo.com/game_record/genshin/character_side_icon/UI_AvatarIcon_Side_Amber.png,Characters/Side/UI_AvatarIcon_Side_Amber.png,PNG,image/png,128,128,13612,ddb68e2a17808909f981bc92b7420ba3c327bb492ad0c2cbb74083f269e65760,,success,
Itto,Arataki Itto,File:Arataki Itto Side Icon.png,official_cdn,https://genshin-impact.fandom.com/wiki/File:Arataki_Itto_Side_Icon.png,https://upload-bbs.mihoyo.com/game_record/genshin/character_side_icon/UI_AvatarIcon_Side_Itto.png,https://upload-bbs.mihoyo.com/game_record/genshin/character_side_icon/UI_AvatarIcon_Side_Itto.png,Characters/Side/UI_AvatarIcon_Side_Itto.png,PNG,image/png,128,128,21529,6d07fd8e79d2be22bdbd572a7c13eaff87644bd975f6d89fc061a57f7899684f,,success,
Arlecchino,Arlecchino,File:Arlecchino Side Icon.png,fandom_mirror,https://genshin-impact.fandom.com/wiki/File:Arlecchino_Side_Icon.png,https://static.wikia.nocookie.net/gensin-impact/images/2/2b/Arlecchino_Side_Icon.png/revision/latest?cb=20240424055928&format=original,https://upload-bbs.mihoyo.com/game_record/genshin/character_side_icon/UI_AvatarIcon_Side_Arlecchino.png,Characters/Side/UI_AvatarIcon_Side_Arlecchino.png,PNG,image/png,128,128,13991,43255f3d3c45657267061c30899f99230eda2c6ed3ca2040f35a01f56c64f78d,,success,
PlayerBoyCostumeCWXR,As Heaven and Earth Are Made Anew (Aether),File:As Heaven and Earth Are Made Anew (Aether) Side Icon.png,fandom_mirror,https://genshin-impact.fandom.com/wiki/File:As_Heaven_and_Earth_Are_Made_Anew_(Aether)_Side_Icon.png,https://static.wikia.nocookie.net/gensin-impact/images/b/bd/As_Heaven_and_Earth_Are_Made_Anew_%28Aether%29_Side_Icon.png/revision/latest?cb=20260114091740&format=original,https://upload-bbs.mihoyo.com/game_record/genshin/character_side_icon/UI_AvatarIcon_Side_PlayerBoyCostumeCWXR.png,Characters/Side/UI_AvatarIcon_Side_PlayerBoyCostumeCWXR.png,PNG,image/png,128,128,14348,e6fb0d8b76c80cf62ae93f3b6435fe86a1bf3dee3318e043dc66e557ab9eff0a,,success,
PlayerGirlCostumeCWXR,As Heaven and Earth Are Made Anew (Lumine),File:As Heaven and Earth Are Made Anew (Lumine) Side Icon.png,fandom_mirror,https://genshin-impact.fandom.com/wiki/File:As_Heaven_and_Earth_Are_Made_Anew_(Lumine)_Side_Icon.png,https://static.wikia.nocookie.net/gensin-impact/images/c/cb/As_Heaven_and_Earth_Are_Made_Anew_%28Lumine%29_Side_Icon.png/revision/latest?cb=20260114091801&format=original,https://upload-bbs.mihoyo.com/game_record/genshin/character_side_icon/UI_AvatarIcon_Side_PlayerGirlCostumeCWXR.png,Characters/Side/UI_AvatarIcon_Side_PlayerGirlCostumeCWXR.png,PNG,image/png,128,128,13120,e0aa6747ec8c8e6429953060f1c9a7445720c79d0cf5ea912b8c0514a2d1a855,,success,
Baizhu,Baizhu,File:Baizhu Side Icon.png,fandom_mirror,https://genshin-impact.fandom.com/wiki/File:Baizhu_Side_Icon.png,https://static.wikia.nocookie.net/gensin-impact/images/f/f9/Baizhu_Side_Icon.png/revision/latest?cb=20230412091859&format=original,https://upload-bbs.mihoyo.com/game_record/genshin/character_side_icon/UI_AvatarIcon_Side_Baizhu.png,Characters/Side/UI_AvatarIcon_Side_Baizhu.png,PNG,image/png,128,128,16362,a67d3d220952d879bcb36a84b6911f890ee76e47293a5fd030c116313c27bc75,,success,
Barbara,Barbara,File:Barbara Side Icon.png,official_cdn,https://genshin-impact.fandom.com/wiki/File:Barbara_Side_Icon.png,https://upload-bbs.mihoyo.com/game_record/genshin/character_side_icon/UI_AvatarIcon_Side_Barbara.png,https://upload-bbs.mihoyo.com/game_record/genshin/character_side_icon/UI_AvatarIcon_Side_Barbara.png,Characters/Side/UI_AvatarIcon_Side_Barbara.png,PNG,image/png,128,128,18135,6bdcfe167b7e896d004e1eaa9f4e63c4706b6f44c8cc9d390c1d44a28b695eba,,success,
Beidou,Beidou,File:Beidou Side Icon.png,official_cdn,https://genshin-impact.fandom.com/wiki/File:Beidou_Side_Icon.png,https://upload-bbs.mihoyo.com/game_record/genshin/character_side_icon/UI_AvatarIcon_Side_Beidou.png,https://upload-bbs.mihoyo.com/game_record/genshin/character_side_icon/UI_AvatarIcon_Side_Beidou.png,Characters/Side/UI_AvatarIcon_Side_Beidou.png,PNG,image/png,128,128,17207,cdb33ed7b832e8bc04bba44cd9986082109afae4789b6fdb16a35fb03ee3cb91,,success,
Bennett,Bennett,File:Bennett Side Icon.png,official_cdn,https://genshin-impact.fandom.com/wiki/File:Bennett_Side_Icon.png,https://upload-bbs.mihoyo.com/game_record/genshin/character_side_icon/UI_AvatarIcon_Side_Bennett.png,https://upload-bbs.mihoyo.com/game_record/genshin/character_side_icon/UI_AvatarIcon_Side_Bennett.png,Characters/Side/UI_AvatarIcon_Side_Bennett.png,PNG,image/png,128,128,18852,2e0194a6f921475ce3e0f71c8b491100a62ac54db27f05ad38d6e8ef96281cd3,,success,
Candace,Candace,File:Candace Side Icon.png,official_cdn,https://genshin-impact.fandom.com/wiki/File:Candace_Side_Icon.png,https://upload-bbs.mihoyo.com/game_record/genshin/character_side_icon/UI_AvatarIcon_Side_Candace.png,https://upload-bbs.mihoyo.com/game_record/genshin/character_side_icon/UI_AvatarIcon_Side_Candace.png,Characters/Side/UI_AvatarIcon_Side_Candace.png,PNG,image/png,128,128,19240,5cf6866ae12c2eaaaf181f51cdcadae6fce1b898b28d590d8873c1153da006d7,,success,
Charlotte,Charlotte,File:Charlotte Side Icon.png,fandom_mirror,https://genshin-impact.fandom.com/wiki/File:Charlotte_Side_Icon.png,https://static.wikia.nocookie.net/gensin-impact/images/8/81/Charlotte_Side_Icon.png/revision/latest?cb=20231108031434&format=original,https://upload-bbs.mihoyo.com/game_record/genshin/character_side_icon/UI_AvatarIcon_Side_Charlotte.png,Characters/Side/UI_AvatarIcon_Side_Charlotte.png,PNG,image/png,128,128,12427,51fea0dbd6b5c7e8228a1de0c35d748d66db5b2cc8fd6bcf9f29245c93296807,,success,
Chasca,Chasca,File:Chasca Side Icon.png,fandom_mirror,https://genshin-impact.fandom.com/wiki/File:Chasca_Side_Icon.png,https://static.wikia.nocookie.net/gensin-impact/images/5/51/Chasca_Side_Icon.png/revision/latest?cb=20241120030520&format=original,https://upload-bbs.mihoyo.com/game_record/genshin/character_side_icon/UI_AvatarIcon_Side_Chasca.png,Characters/Side/UI_AvatarIcon_Side_Chasca.png,PNG,image/png,128,128,17517,b9d90412e2bf5b38d1cfa7d40faa8d9180e2a69f4f1a8c228f8255606fb623eb,,success,
Chevreuse,Chevreuse,File:Chevreuse Side Icon.png,fandom_mirror,https://genshin-impact.fandom.com/wiki/File:Chevreuse_Side_Icon.png,https://static.wikia.nocookie.net/gensin-impact/images/5/50/Chevreuse_Side_Icon.png/revision/latest?cb=20240109210133&format=original,https://upload-bbs.mihoyo.com/game_record/genshin/character_side_icon/UI_AvatarIcon_Side_Chevreuse.png,Characters/Side/UI_AvatarIcon_Side_Chevreuse.png,PNG,image/png,128,128,21535,57ac78138370623fdd96864e72e6c36a8a59525dde9c42dfc0cdd8a855abd235,,success,
Chiori,Chiori,File:Chiori Side Icon.png,fandom_mirror,https://genshin-impact.fandom.com/wiki/File:Chiori_Side_Icon.png,https://static.wikia.nocookie.net/gensin-impact/images/8/80/Chiori_Side_Icon.png/revision/latest?cb=20240313015956&format=original,https://upload-bbs.mihoyo.com/game_record/genshin/character_side_icon/UI_AvatarIcon_Side_Chiori.png,Characters/Side/UI_AvatarIcon_Side_Chiori.png,PNG,image/png,128,128,13975,7717a1c655d0ceb3a862e0b8efd907b3674661b096fc823ad4d28e16aeef8f23,,success,
Chongyun,Chongyun,File:Chongyun Side Icon.png,official_cdn,https://genshin-impact.fandom.com/wiki/File:Chongyun_Side_Icon.png,https://upload-bbs.mihoyo.com/game_record/genshin/character_side_icon/UI_AvatarIcon_Side_Chongyun.png,https://upload-bbs.mihoyo.com/game_record/genshin/character_side_icon/UI_AvatarIcon_Side_Chongyun.png,Characters/Side/UI_AvatarIcon_Side_Chongyun.png,PNG,image/png,128,128,17335,20883f2d9455b22c5ac87860dd802bfc053c561d4372b773b566b98f66208774,,success,
Citlali,Citlali,File:Citlali Side Icon.png,fandom_mirror,https://genshin-impact.fandom.com/wiki/File:Citlali_Side_Icon.png,https://static.wikia.nocookie.net/gensin-impact/images/a/ae/Citlali_Side_Icon.png/revision/latest?cb=20250101131143&format=original,https://upload-bbs.mihoyo.com/game_record/genshin/character_side_icon/UI_AvatarIcon_Side_Citlali.png,Characters/Side/UI_AvatarIcon_Side_Citlali.png,PNG,image/png,128,128,15445,74aa39afe3a43f36907f9842914a5ab9961fed85393ce1886a54f2d2da14d01e,,success,
Clorinde,Clorinde,File:Clorinde Side Icon.png,fandom_mirror,https://genshin-impact.fandom.com/wiki/File:Clorinde_Side_Icon.png,https://static.wikia.nocookie.net/gensin-impact/images/9/97/Clorinde_Side_Icon.png/revision/latest?cb=20240605021943&format=original,https://upload-bbs.mihoyo.com/game_record/genshin/character_side_icon/UI_AvatarIcon_Side_Clorinde.png,Characters/Side/UI_AvatarIcon_Side_Clorinde.png,PNG,image/png,128,128,20244,f4d61ee3859220a85a20c0e8b323a2736d9f59fe760308ed8e04c234437b4aa0,,success,
Collei,Collei,File:Collei Side Icon.png,official_cdn,https://genshin-impact.fandom.com/wiki/File:Collei_Side_Icon.png,https://upload-bbs.mihoyo.com/game_record/genshin/character_side_icon/UI_AvatarIcon_Side_Collei.png,https://upload-bbs.mihoyo.com/game_record/genshin/character_side_icon/UI_AvatarIcon_Side_Collei.png,Characters/Side/UI_AvatarIcon_Side_Collei.png,PNG,image/png,128,128,18501,f9d410754d0ce4703e1536aafa76c8ab4ce9b06e577b6ae7020749a4fa501ea7,,success,
Columbina,Columbina,File:Columbina Side Icon.png,fandom_mirror,https://genshin-impact.fandom.com/wiki/File:Columbina_Side_Icon.png,https://static.wikia.nocookie.net/gensin-impact/images/a/a3/Columbina_Side_Icon.png/revision/latest?cb=20251022065521&format=original,https://upload-bbs.mihoyo.com/game_record/genshin/character_side_icon/UI_AvatarIcon_Side_Columbina.png,Characters/Side/UI_AvatarIcon_Side_Columbina.png,PNG,image/png,128,128,17293,a0e49e0b6c7d60b08875e913342ba519870df4059fab83a00807110150bd0d01,,success,
Cyno,Cyno,File:Cyno Side Icon.png,official_cdn,https://genshin-impact.fandom.com/wiki/File:Cyno_Side_Icon.png,https://upload-bbs.mihoyo.com/game_record/genshin/character_side_icon/UI_AvatarIcon_Side_Cyno.png,https://upload-bbs.mihoyo.com/game_record/genshin/character_side_icon/UI_AvatarIcon_Side_Cyno.png,Characters/Side/UI_AvatarIcon_Side_Cyno.png,PNG,image/png,128,128,27023,11ed4e95ba7fa90c901a7297f999d651887d099f1995cfab7a33a95da8e65a7c,,success,
Dahlia,Dahlia,File:Dahlia Side Icon.png,fandom_mirror,https://genshin-impact.fandom.com/wiki/File:Dahlia_Side_Icon.png,https://static.wikia.nocookie.net/gensin-impact/images/3/3f/Dahlia_Side_Icon.png/revision/latest?cb=20250618025555&format=original,https://upload-bbs.mihoyo.com/game_record/genshin/character_side_icon/UI_AvatarIcon_Side_Dahlia.png,Characters/Side/UI_AvatarIcon_Side_Dahlia.png,PNG,image/png,128,128,14023,c2e590685e1507e750f9d0fead0524654c8dfcd22d10c16a5d348d0abd8d6d5c,,success,
Dainsleif,Dainsleif,File:Dainsleif Side Icon.png,fandom_mirror,https://genshin-impact.fandom.com/wiki/File:Dainsleif_Side_Icon.png,https://static.wikia.nocookie.net/gensin-impact/images/c/c0/Dainsleif_Side_Icon.png/revision/latest?cb=20250620130631&format=original,https://upload-bbs.mihoyo.com/game_record/genshin/character_side_icon/UI_AvatarIcon_Side_Dainsleif.png,Characters/Side/UI_AvatarIcon_Side_Dainsleif.png,PNG,image/png,128,128,11781,b6d2565dbba0cdecf83204193bbb66f1b48d1284f990211bcc1a33cc3fe48a73,,success,
Dehya,Dehya,File:Dehya Side Icon.png,official_cdn,https://genshin-impact.fandom.com/wiki/File:Dehya_Side_Icon.png,https://upload-bbs.mihoyo.com/game_record/genshin/character_side_icon/UI_AvatarIcon_Side_Dehya.png,https://upload-bbs.mihoyo.com/game_record/genshin/character_side_icon/UI_AvatarIcon_Side_Dehya.png,Characters/Side/UI_AvatarIcon_Side_Dehya.png,PNG,image/png,128,128,20767,2074f565a01dbe830c842e27e30fbf86ca693bea2b2fe8997e4b3a16dfc0aa6c,,success,
Diluc,Diluc,File:Diluc Side Icon.png,official_cdn,https://genshin-impact.fandom.com/wiki/File:Diluc_Side_Icon.png,https://upload-bbs.mihoyo.com/game_record/genshin/character_side_icon/UI_AvatarIcon_Side_Diluc.png,https://upload-bbs.mihoyo.com/game_record/genshin/character_side_icon/UI_AvatarIcon_Side_Diluc.png,Characters/Side/UI_AvatarIcon_Side_Diluc.png,PNG,image/png,128,128,14997,27b45df871bce42ed6576ead90971701a90730290b206f20009aa2ca25e038d1,,success,
Diona,Diona,File:Diona Side Icon.png,official_cdn,https://genshin-impact.fandom.com/wiki/File:Diona_Side_Icon.png,https://upload-bbs.mihoyo.com/game_record/genshin/character_side_icon/UI_AvatarIcon_Side_Diona.png,https://upload-bbs.mihoyo.com/game_record/genshin/character_side_icon/UI_AvatarIcon_Side_Diona.png,Characters/Side/UI_AvatarIcon_Side_Diona.png,PNG,image/png,128,128,20236,e3fb05d5090584822d40399577f0f603d5526d425f2f01005224033362e927fe,,success,
Dori,Dori,File:Dori Side Icon.png,official_cdn,https://genshin-impact.fandom.com/wiki/File:Dori_Side_Icon.png,https://upload-bbs.mihoyo.com/game_record/genshin/character_side_icon/UI_AvatarIcon_Side_Dori.png,https://upload-bbs.mihoyo.com/game_record/genshin/character_side_icon/UI_AvatarIcon_Side_Dori.png,Characters/Side/UI_AvatarIcon_Side_Dori.png,PNG,image/png,128,128,19335,b88e0a56b8cbac6ad52dcb416e73f6770b7a6d720109f024f645bb0bfc71d715,,success,
Durin,Durin,File:Durin Side Icon.png,fandom_mirror,https://genshin-impact.fandom.com/wiki/File:Durin_Side_Icon.png,https://static.wikia.nocookie.net/gensin-impact/images/f/f2/Durin_Side_Icon.png/revision/latest?cb=20251210221543&format=original,https://upload-bbs.mihoyo.com/game_record/genshin/character_side_icon/UI_AvatarIcon_Side_Durin.png,Characters/Side/UI_AvatarIcon_Side_Durin.png,PNG,image/png,128,128,14586,2b692ffeb046d5b7ea198c3ad47fa0d4d8a89a1adc8143fa764e584fa9e5ba7a,,success,
Emilie,Emilie,File:Emilie Side Icon.png,fandom_mirror,https://genshin-impact.fandom.com/wiki/File:Emilie_Side_Icon.png,https://static.wikia.nocookie.net/gensin-impact/images/b/b8/Emilie_Side_Icon.png/revision/latest?cb=20240806102441&format=original,https://upload-bbs.mihoyo.com/game_record/genshin/character_side_icon/UI_AvatarIcon_Side_Emilie.png,Characters/Side/UI_AvatarIcon_Side_Emilie.png,PNG,image/png,128,128,14950,08f17ee1be17bd970b242662141eabb748130a5961810a481822f26893b47d98,,success,
Escoffier,Escoffier,File:Escoffier Side Icon.png,fandom_mirror,https://genshin-impact.fandom.com/wiki/File:Escoffier_Side_Icon.png,https://static.wikia.nocookie.net/gensin-impact/images/7/7e/Escoffier_Side_Icon.png/revision/latest?cb=20250507071621&format=original,https://upload-bbs.mihoyo.com/game_record/genshin/character_side_icon/UI_AvatarIcon_Side_Escoffier.png,Characters/Side/UI_AvatarIcon_Side_Escoffier.png,PNG,image/png,128,128,17828,a522c94b11f1ab3168036ff3962547c8420523699cadcf12d72ea49db0a06607,,success,
Eula,Eula,File:Eula Side Icon.png,official_cdn,https://genshin-impact.fandom.com/wiki/File:Eula_Side_Icon.png,https://upload-bbs.mihoyo.com/game_record/genshin/character_side_icon/UI_AvatarIcon_Side_Eula.png,https://upload-bbs.mihoyo.com/game_record/genshin/character_side_icon/UI_AvatarIcon_Side_Eula.png,Characters/Side/UI_AvatarIcon_Side_Eula.png,PNG,image/png,128,128,17576,1f90835280f08e8733d173b924a6d3391c624ae3e49b22d10567de8e6bd95a05,,success,
Faruzan,Faruzan,File:Faruzan Side Icon.png,official_cdn,https://genshin-impact.fandom.com/wiki/File:Faruzan_Side_Icon.png,https://upload-bbs.mihoyo.com/game_record/genshin/character_side_icon/UI_AvatarIcon_Side_Faruzan.png,https://upload-bbs.mihoyo.com/game_record/genshin/character_side_icon/UI_AvatarIcon_Side_Faruzan.png,Characters/Side/UI_AvatarIcon_Side_Faruzan.png,PNG,image/png,128,128,19059,d08a377920ad4cfb830c511aeb8ec835123f04095eb039a054c5ae6caee6af33,,success,
Fischl,Fischl,File:Fischl Side Icon.png,official_cdn,https://genshin-impact.fandom.com/wiki/File:Fischl_Side_Icon.png,https://upload-bbs.mihoyo.com/game_record/genshin/character_side_icon/UI_AvatarIcon_Side_Fischl.png,https://upload-bbs.mihoyo.com/game_record/genshin/character_side_icon/UI_AvatarIcon_Side_Fischl.png,Characters/Side/UI_AvatarIcon_Side_Fischl.png,PNG,image/png,128,128,19226,3f244c4d100053af307630f672ff4a4cc951922ba9042a9d00d087f7ee80d74b,,success,
Flins,Flins,File:Flins Side Icon.png,fandom_mirror,https://genshin-impact.fandom.com/wiki/File:Flins_Side_Icon.png,https://static.wikia.nocookie.net/gensin-impact/images/5/5c/Flins_Side_Icon.png/revision/latest?cb=20250910175849&format=original,https://upload-bbs.mihoyo.com/game_record/genshin/character_side_icon/UI_AvatarIcon_Side_Flins.png,Characters/Side/UI_AvatarIcon_Side_Flins.png,PNG,image/png,128,128,16163,c466fb68b93badcfa55b51cbc2a45292090f4054f2bd60af2e32ec43db5e2eab,,success,
Freminet,Freminet,File:Freminet Side Icon.png,fandom_mirror,https://genshin-impact.fandom.com/wiki/File:Freminet_Side_Icon.png,https://static.wikia.nocookie.net/gensin-impact/images/2/21/Freminet_Side_Icon.png/revision/latest?cb=20230905141233&format=original,https://upload-bbs.mihoyo.com/game_record/genshin/character_side_icon/UI_AvatarIcon_Side_Freminet.png,Characters/Side/UI_AvatarIcon_Side_Freminet.png,PNG,image/png,128,128,13635,1692a44bd5d6979126d0cc784c92ae7c37dd83e92f8b4956a49e0aba00fcbdae,,success,
Furina,Furina,File:Furina Side Icon.png,fandom_mirror,https://genshin-impact.fandom.com/wiki/File:Furina_Side_Icon.png,https://static.wikia.nocookie.net/gensin-impact/images/0/0d/Furina_Side_Icon.png/revision/latest?cb=20231108031451&format=original,https://upload-bbs.mihoyo.com/game_record/genshin/character_side_icon/UI_AvatarIcon_Side_Furina.png,Characters/Side/UI_AvatarIcon_Side_Furina.png,PNG,image/png,128,128,20723,79d4083b2131ef581d4a65476e24022af4060fefe9cb4a3a58d10f36b9d4da29,,success,
Gaming,Gaming,File:Gaming Side Icon.png,fandom_mirror,https://genshin-impact.fandom.com/wiki/File:Gaming_Side_Icon.png,https://static.wikia.nocookie.net/gensin-impact/images/d/d2/Gaming_Side_Icon.png/revision/latest?cb=20240131020457&format=original,https://upload-bbs.mihoyo.com/game_record/genshin/character_side_icon/UI_AvatarIcon_Side_Gaming.png,Characters/Side/UI_AvatarIcon_Side_Gaming.png,PNG,image/png,128,128,13824,00407314ab931366275de642481f5bccaf336c14eb7d857d144566ca82af2c35,,success,
Ganyu,Ganyu,File:Ganyu Side Icon.png,official_cdn,https://genshin-impact.fandom.com/wiki/File:Ganyu_Side_Icon.png,https://upload-bbs.mihoyo.com/game_record/genshin/character_side_icon/UI_AvatarIcon_Side_Ganyu.png,https://upload-bbs.mihoyo.com/game_record/genshin/character_side_icon/UI_AvatarIcon_Side_Ganyu.png,Characters/Side/UI_AvatarIcon_Side_Ganyu.png,PNG,image/png,128,128,20843,c76713c68a31e4222b002bb2da4c64abd96d1c5d11dc6800f26ee30e820bcd76,,success,
Gorou,Gorou,File:Gorou Side Icon.png,official_cdn,https://genshin-impact.fandom.com/wiki/File:Gorou_Side_Icon.png,https://upload-bbs.mihoyo.com/game_record/genshin/character_side_icon/UI_AvatarIcon_Side_Gorou.png,https://upload-bbs.mihoyo.com/game_record/genshin/character_side_icon/UI_AvatarIcon_Side_Gorou.png,Characters/Side/UI_AvatarIcon_Side_Gorou.png,PNG,image/png,128,128,17455,74c993ea1b4b6d0d82ed2c94c81f095c6f5bfca4ebb33bedb744ebc616124990,,success,
Hutao,Hu Tao,File:Hu Tao Side Icon.png,official_cdn,https://genshin-impact.fandom.com/wiki/File:Hu_Tao_Side_Icon.png,https://upload-bbs.mihoyo.com/game_record/genshin/character_side_icon/UI_AvatarIcon_Side_Hutao.png,https://upload-bbs.mihoyo.com/game_record/genshin/character_side_icon/UI_AvatarIcon_Side_Hutao.png,Characters/Side/UI_AvatarIcon_Side_Hutao.png,PNG,image/png,128,128,35551,ffd96716a45ab5452d5c3fb76be5c34bdb583b6de7a237ee433b7b1d7995d1a7,,success,
Iansan,Iansan,File:Iansan Side Icon.png,fandom_mirror,https://genshin-impact.fandom.com/wiki/File:Iansan_Side_Icon.png,https://static.wikia.nocookie.net/gensin-impact/images/7/76/Iansan_Side_Icon.png/revision/latest?cb=20250326020811&format=original,https://upload-bbs.mihoyo.com/game_record/genshin/character_side_icon/UI_AvatarIcon_Side_Iansan.png,Characters/Side/UI_AvatarIcon_Side_Iansan.png,PNG,image/png,128,128,16852,5d6a5bc8ba651e45820304b90d834b1c1a53a2976f7b57164c64134e8673cbf9,,success,
Ifa,Ifa,File:Ifa Side Icon.png,fandom_mirror,https://genshin-impact.fandom.com/wiki/File:Ifa_Side_Icon.png,https://static.wikia.nocookie.net/gensin-impact/images/8/85/Ifa_Side_Icon.png/revision/latest?cb=20250507055635&format=original,https://upload-bbs.mihoyo.com/game_record/genshin/character_side_icon/UI_AvatarIcon_Side_Ifa.png,Characters/Side/UI_AvatarIcon_Side_Ifa.png,PNG,image/png,128,128,16442,d04662ff6727928eaa54a1bffc937a23bbd6414be2b18cdff6c4aae1804e80f7,,success,
Illuga,Illuga,File:Illuga Side Icon.png,fandom_mirror,https://genshin-impact.fandom.com/wiki/File:Illuga_Side_Icon.png,https://static.wikia.nocookie.net/gensin-impact/images/a/a9/Illuga_Side_Icon.png/revision/latest?cb=20260114054051&format=original,https://upload-bbs.mihoyo.com/game_record/genshin/character_side_icon/UI_AvatarIcon_Side_Illuga.png,Characters/Side/UI_AvatarIcon_Side_Illuga.png,PNG,image/png,128,128,12251,7d8d5aa8c2b074c71d21541bae8acd823c6ae7fd7d787ae2c51c0e51c1066be9,,success,
Ineffa,Ineffa,File:Ineffa Side Icon.png,fandom_mirror,https://genshin-impact.fandom.com/wiki/File:Ineffa_Side_Icon.png,https://static.wikia.nocookie.net/gensin-impact/images/6/67/Ineffa_Side_Icon.png/revision/latest?cb=20250730090609&format=original,https://upload-bbs.mihoyo.com/game_record/genshin/character_side_icon/UI_AvatarIcon_Side_Ineffa.png,Characters/Side/UI_AvatarIcon_Side_Ineffa.png,PNG,image/png,128,128,16263,fe5677b98407dc3f535be785cb494354567a37eb9047ec4744e23c9411743198,,success,
Jahoda,Jahoda,File:Jahoda Side Icon.png,fandom_mirror,https://genshin-impact.fandom.com/wiki/File:Jahoda_Side_Icon.png,https://static.wikia.nocookie.net/gensin-impact/images/c/ce/Jahoda_Side_Icon.png/revision/latest?cb=20250911122138&format=original,https://upload-bbs.mihoyo.com/game_record/genshin/character_side_icon/UI_AvatarIcon_Side_Jahoda.png,Characters/Side/UI_AvatarIcon_Side_Jahoda.png,PNG,image/png,128,128,17073,d42dbcda77d82be3fd031bfc9a0fb0dc2eb0d81a0c18b8b7c89e061dc1cbd237,,success,
Jean,Jean,File:Jean Side Icon.png,fandom_mirror,https://genshin-impact.fandom.com/wiki/File:Jean_Side_Icon.png,https://static.wikia.nocookie.net/gensin-impact/images/b/b2/Jean_Side_Icon.png/revision/latest?cb=20220216201031&format=original,https://upload-bbs.mihoyo.com/game_record/genshin/character_side_icon/UI_AvatarIcon_Side_Jean.png,Characters/Side/UI_AvatarIcon_Side_Jean.png,PNG,image/png,128,128,15193,b5af3806b6915303ef04d8c0a3c31e5db4e07a8125b74827212edf9c11e5680b,,success,
Jeht,Jeht,File:Jeht Side Icon.png,fandom_mirror,https://genshin-impact.fandom.com/wiki/File:Jeht_Side_Icon.png,https://static.wikia.nocookie.net/gensin-impact/images/a/a2/Jeht_Side_Icon.png/revision/latest?cb=20260521151046&format=original,https://upload-bbs.mihoyo.com/game_record/genshin/character_side_icon/UI_AvatarIcon_Side_Jeht.png,Characters/Side/UI_AvatarIcon_Side_Jeht.png,PNG,image/png,128,128,17458,4ff3bf2eb0b9c2dbc0a800f47db7ab822286594737063e44d18deaee2050fad4,,success,
Kachina,Kachina,File:Kachina Side Icon.png,fandom_mirror,https://genshin-impact.fandom.com/wiki/File:Kachina_Side_Icon.png,https://static.wikia.nocookie.net/gensin-impact/images/c/c3/Kachina_Side_Icon.png/revision/latest?cb=20240828061547&format=original,https://upload-bbs.mihoyo.com/game_record/genshin/character_side_icon/UI_AvatarIcon_Side_Kachina.png,Characters/Side/UI_AvatarIcon_Side_Kachina.png,PNG,image/png,128,128,20162,72295ee8578e703be3848c1eca68a2f0dcde5226936db83f976b84e62db5322d,,success,
Kazuha,Kaedehara Kazuha,File:Kaedehara Kazuha Side Icon.png,official_cdn,https://genshin-impact.fandom.com/wiki/File:Kaedehara_Kazuha_Side_Icon.png,https://upload-bbs.mihoyo.com/game_record/genshin/character_side_icon/UI_AvatarIcon_Side_Kazuha.png,https://upload-bbs.mihoyo.com/game_record/genshin/character_side_icon/UI_AvatarIcon_Side_Kazuha.png,Characters/Side/UI_AvatarIcon_Side_Kazuha.png,PNG,image/png,128,128,15996,64b05d49de4f2262908c576bdf6dba8198f7e6d6e7436c9aa23f1641e3a57dac,,success,
Kaeya,Kaeya,File:Kaeya Side Icon.png,official_cdn,https://genshin-impact.fandom.com/wiki/File:Kaeya_Side_Icon.png,https://upload-bbs.mihoyo.com/game_record/genshin/character_side_icon/UI_AvatarIcon_Side_Kaeya.png,https://upload-bbs.mihoyo.com/game_record/genshin/character_side_icon/UI_AvatarIcon_Side_Kaeya.png,Characters/Side/UI_AvatarIcon_Side_Kaeya.png,PNG,image/png,128,128,15295,b072f260af6d5e0187ad832c2804abbbb2fc5a3dd41a36783b3d1cbadff8f375,,success,
Ayaka,Kamisato Ayaka,File:Kamisato Ayaka Side Icon.png,official_cdn,https://genshin-impact.fandom.com/wiki/File:Kamisato_Ayaka_Side_Icon.png,https://upload-bbs.mihoyo.com/game_record/genshin/character_side_icon/UI_AvatarIcon_Side_Ayaka.png,https://upload-bbs.mihoyo.com/game_record/genshin/character_side_icon/UI_AvatarIcon_Side_Ayaka.png,Characters/Side/UI_AvatarIcon_Side_Ayaka.png,PNG,image/png,128,128,16677,c9f82530f47b1a10e02dc103525c2d9f237adb3da1b97d2b27ca2e6ae700336d,,success,
Ayato,Kamisato Ayato,File:Kamisato Ayato Side Icon.png,official_cdn,https://genshin-impact.fandom.com/wiki/File:Kamisato_Ayato_Side_Icon.png,https://upload-bbs.mihoyo.com/game_record/genshin/character_side_icon/UI_AvatarIcon_Side_Ayato.png,https://upload-bbs.mihoyo.com/game_record/genshin/character_side_icon/UI_AvatarIcon_Side_Ayato.png,Characters/Side/UI_AvatarIcon_Side_Ayato.png,PNG,image/png,128,128,16908,2851953aa1e08b294fc5ce346b6bf44ce1758a161816c8d6a63148ee96d08fb4,,success,
Kaveh,Kaveh,File:Kaveh Side Icon.png,official_cdn,https://genshin-impact.fandom.com/wiki/File:Kaveh_Side_Icon.png,https://upload-bbs.mihoyo.com/game_record/genshin/character_side_icon/UI_AvatarIcon_Side_Kaveh.png,https://upload-bbs.mihoyo.com/game_record/genshin/character_side_icon/UI_AvatarIcon_Side_Kaveh.png,Characters/Side/UI_AvatarIcon_Side_Kaveh.png,PNG,image/png,128,128,20291,9fadbe162186601d44d8c00090d353877c81761ddb72e40dcc753cb3b79c3d6c,,success,
Keqing,Keqing,File:Keqing Side Icon.png,official_cdn,https://genshin-impact.fandom.com/wiki/File:Keqing_Side_Icon.png,https://upload-bbs.mihoyo.com/game_record/genshin/character_side_icon/UI_AvatarIcon_Side_Keqing.png,https://upload-bbs.mihoyo.com/game_record/genshin/character_side_icon/UI_AvatarIcon_Side_Keqing.png,Characters/Side/UI_AvatarIcon_Side_Keqing.png,PNG,image/png,128,128,33516,b40f31406808464ed097c1c67f417d682c8b461a46eadb23de2889fdfea4c372,,success,
Kinich,Kinich,File:Kinich Side Icon.png,fandom_mirror,https://genshin-impact.fandom.com/wiki/File:Kinich_Side_Icon.png,https://static.wikia.nocookie.net/gensin-impact/images/5/5b/Kinich_Side_Icon.png/revision/latest?cb=20240917124121&format=original,https://upload-bbs.mihoyo.com/game_record/genshin/character_side_icon/UI_AvatarIcon_Side_Kinich.png,Characters/Side/UI_AvatarIcon_Side_Kinich.png,PNG,image/png,128,128,16388,3476d2a56d085031dacbb4e0d0b9c9307b3ea005ca51f48dabbff02615658783,,success,
Kirara,Kirara,File:Kirara Side Icon.png,fandom_mirror,https://genshin-impact.fandom.com/wiki/File:Kirara_Side_Icon.png,https://static.wikia.nocookie.net/gensin-impact/images/1/1b/Kirara_Side_Icon.png/revision/latest?cb=20230524074326&format=original,https://upload-bbs.mihoyo.com/game_record/genshin/character_side_icon/UI_AvatarIcon_Side_Kirara.png,Characters/Side/UI_AvatarIcon_Side_Kirara.png,PNG,image/png,128,128,17629,2cfde9d58b94f3f4299f870f45174f70f5a5254b822603c80e65215d9fb30af2,,success,
Klee,Klee,File:Klee Side Icon.png,official_cdn,https://genshin-impact.fandom.com/wiki/File:Klee_Side_Icon.png,https://upload-bbs.mihoyo.com/game_record/genshin/character_side_icon/UI_AvatarIcon_Side_Klee.png,https://upload-bbs.mihoyo.com/game_record/genshin/character_side_icon/UI_AvatarIcon_Side_Klee.png,Characters/Side/UI_AvatarIcon_Side_Klee.png,PNG,image/png,128,128,22533,458f9df3f420f1c6e0045025453d9f5d0230f1344e3d23369c575957f523f765,,success,
Sara,Kujou Sara,File:Kujou Sara Side Icon.png,official_cdn,https://genshin-impact.fandom.com/wiki/File:Kujou_Sara_Side_Icon.png,https://upload-bbs.mihoyo.com/game_record/genshin/character_side_icon/UI_AvatarIcon_Side_Sara.png,https://upload-bbs.mihoyo.com/game_record/genshin/character_side_icon/UI_AvatarIcon_Side_Sara.png,Characters/Side/UI_AvatarIcon_Side_Sara.png,PNG,image/png,128,128,19318,64f4610e7a1745858852a19f84cbfdfa8b847faea59bd7c07f36b3cdc42f4e34,,success,
KukiShinobu,Kuki Shinobu,File:Kuki Shinobu Side Icon.png,fandom_mirror,https://genshin-impact.fandom.com/wiki/File:Kuki_Shinobu_Side_Icon.png,https://static.wikia.nocookie.net/gensin-impact/images/7/7d/Kuki_Shinobu_Side_Icon.png/revision/latest?cb=20220605062453&format=original,https://upload-bbs.mihoyo.com/game_record/genshin/character_side_icon/UI_AvatarIcon_Side_KukiShinobu.png,Characters/Side/UI_AvatarIcon_Side_KukiShinobu.png,PNG,image/png,128,128,18289,5e962c85f9577f9cecc25c3b52762f6e2ac12191fad382cb156e9620cd8d19b4,,success,
LanYan,Lan Yan,File:Lan Yan Side Icon.png,fandom_mirror,https://genshin-impact.fandom.com/wiki/File:Lan_Yan_Side_Icon.png,https://static.wikia.nocookie.net/gensin-impact/images/f/f0/Lan_Yan_Side_Icon.png/revision/latest?cb=20250124131235&format=original,https://upload-bbs.mihoyo.com/game_record/genshin/character_side_icon/UI_AvatarIcon_Side_LanYan.png,Characters/Side/UI_AvatarIcon_Side_LanYan.png,PNG,image/png,128,128,13635,d233771c11bfdd23ed63255dcf356d8bc52bccfcbdf72f5bd923aeb3fd05b57a,,success,
Lauma,Lauma,File:Lauma Side Icon.png,fandom_mirror,https://genshin-impact.fandom.com/wiki/File:Lauma_Side_Icon.png,https://static.wikia.nocookie.net/gensin-impact/images/e/e9/Lauma_Side_Icon.png/revision/latest?cb=20250910024821&format=original,https://upload-bbs.mihoyo.com/game_record/genshin/character_side_icon/UI_AvatarIcon_Side_Lauma.png,Characters/Side/UI_AvatarIcon_Side_Lauma.png,PNG,image/png,128,128,16272,525ed2b7c50ca07ebc93680125e236ef1b2812a54243a91db93eea6da5cecbad,,success,
Layla,Layla,File:Layla Side Icon.png,official_cdn,https://genshin-impact.fandom.com/wiki/File:Layla_Side_Icon.png,https://upload-bbs.mihoyo.com/game_record/genshin/character_side_icon/UI_AvatarIcon_Side_Layla.png,https://upload-bbs.mihoyo.com/game_record/genshin/character_side_icon/UI_AvatarIcon_Side_Layla.png,Characters/Side/UI_AvatarIcon_Side_Layla.png,PNG,image/png,128,128,19152,0b7d42fdc231ef472318c8b5112e6f5641222c48d5e6cafb120a733bd290a336,,success,
Linnea,Linnea,File:Linnea Side Icon.png,fandom_mirror,https://genshin-impact.fandom.com/wiki/File:Linnea_Side_Icon.png,https://static.wikia.nocookie.net/gensin-impact/images/c/c1/Linnea_Side_Icon.png/revision/latest?cb=20260408075913&format=original,https://upload-bbs.mihoyo.com/game_record/genshin/character_side_icon/UI_AvatarIcon_Side_Linnea.png,Characters/Side/UI_AvatarIcon_Side_Linnea.png,PNG,image/png,128,128,13285,b7654b0e3bfe1b1a54c99373ed940c793582bbe9a1417113ea4be7fa9323f2f4,,success,
Lisa,Lisa,File:Lisa Side Icon.png,official_cdn,https://genshin-impact.fandom.com/wiki/File:Lisa_Side_Icon.png,https://upload-bbs.mihoyo.com/game_record/genshin/character_side_icon/UI_AvatarIcon_Side_Lisa.png,https://upload-bbs.mihoyo.com/game_record/genshin/character_side_icon/UI_AvatarIcon_Side_Lisa.png,Characters/Side/UI_AvatarIcon_Side_Lisa.png,PNG,image/png,128,128,27359,03ea4985d2ce61eae076d807d3019c15e46dfeb540e05e4e3a6e7bf3d4e5fb40,,success,
Lohen,Lohen,File:Lohen Side Icon.png,fandom_mirror,https://genshin-impact.fandom.com/wiki/File:Lohen_Side_Icon.png,https://static.wikia.nocookie.net/gensin-impact/images/6/63/Lohen_Side_Icon.png/revision/latest?cb=20260520082825&format=original,https://upload-bbs.mihoyo.com/game_record/genshin/character_side_icon/UI_AvatarIcon_Side_Lohen.png,Characters/Side/UI_AvatarIcon_Side_Lohen.png,PNG,image/png,128,128,13415,a42e0a7b36f7f491bb232d06d69c54f545eb4181392883c05ae684fe9f0a5303,,success,
PlayerGirl,Lumine,File:Lumine Side Icon.png,official_cdn,https://genshin-impact.fandom.com/wiki/File:Lumine_Side_Icon.png,https://upload-bbs.mihoyo.com/game_record/genshin/character_side_icon/UI_AvatarIcon_Side_PlayerGirl.png,https://upload-bbs.mihoyo.com/game_record/genshin/character_side_icon/UI_AvatarIcon_Side_PlayerGirl.png,Characters/Side/UI_AvatarIcon_Side_PlayerGirl.png,PNG,image/png,128,128,13531,c5372154dbbd58410af1e1c59d76cae689915360532a1c31cd56e55e23c6ddc1,,success,
Lynette,Lynette,File:Lynette Side Icon.png,fandom_mirror,https://genshin-impact.fandom.com/wiki/File:Lynette_Side_Icon.png,https://static.wikia.nocookie.net/gensin-impact/images/1/16/Lynette_Side_Icon.png/revision/latest?cb=20230816114309&format=original,https://upload-bbs.mihoyo.com/game_record/genshin/character_side_icon/UI_AvatarIcon_Side_Lynette.png,Characters/Side/UI_AvatarIcon_Side_Lynette.png,PNG,image/png,128,128,11802,b086c1c552e1ce14c8ace8c7453ffa26bb477becbd0732ea30f2a27d192d6415,,success,
Lyney,Lyney,File:Lyney Side Icon.png,fandom_mirror,https://genshin-impact.fandom.com/wiki/File:Lyney_Side_Icon.png,https://static.wikia.nocookie.net/gensin-impact/images/6/6a/Lyney_Side_Icon.png/revision/latest?cb=20230816114307&format=original,https://upload-bbs.mihoyo.com/game_record/genshin/character_side_icon/UI_AvatarIcon_Side_Lyney.png,Characters/Side/UI_AvatarIcon_Side_Lyney.png,PNG,image/png,128,128,16748,8463c29398606997f7caf9d9fb3d4685c766a8051bcbf78790dabb762c1d5623,,success,
Manekin,Manekin,File:Manekin Side Icon.png,fandom_mirror,https://genshin-impact.fandom.com/wiki/File:Manekin_Side_Icon.png,https://static.wikia.nocookie.net/gensin-impact/images/c/c6/Manekin_Side_Icon.png/revision/latest?cb=20251024003845&format=original,https://upload-bbs.mihoyo.com/game_record/genshin/character_side_icon/UI_AvatarIcon_Side_Manekin.png,Characters/Side/UI_AvatarIcon_Side_Manekin.png,PNG,image/png,128,128,11458,0ea25a9f52af778d619a21428919ab11016bd2a89a81dc49537291b5b9055449,,success,
Manekina,Manekina,File:Manekina Side Icon.png,fandom_mirror,https://genshin-impact.fandom.com/wiki/File:Manekina_Side_Icon.png,https://static.wikia.nocookie.net/gensin-impact/images/2/20/Manekina_Side_Icon.png/revision/latest?cb=20251024003853&format=original,https://upload-bbs.mihoyo.com/game_record/genshin/character_side_icon/UI_AvatarIcon_Side_Manekina.png,Characters/Side/UI_AvatarIcon_Side_Manekina.png,PNG,image/png,128,128,10598,99f878534b0085ff0669316d4fb9c538c9961258d56cc43c961048044d280f0d,,success,
Mavuika,Mavuika,File:Mavuika Side Icon.png,fandom_mirror,https://genshin-impact.fandom.com/wiki/File:Mavuika_Side_Icon.png,https://static.wikia.nocookie.net/gensin-impact/images/6/6c/Mavuika_Side_Icon.png/revision/latest?cb=20250101130209&format=original,https://upload-bbs.mihoyo.com/game_record/genshin/character_side_icon/UI_AvatarIcon_Side_Mavuika.png,Characters/Side/UI_AvatarIcon_Side_Mavuika.png,PNG,image/png,128,128,15224,d13f4839f5a9f4759964c0bd469ec544aef2563051eea4742baf43259b014abc,,success,
MelusentGift,Melusent Gift,File:Melusent Gift Side Icon.png,fandom_mirror,https://genshin-impact.fandom.com/wiki/File:Melusent_Gift_Side_Icon.png,https://static.wikia.nocookie.net/gensin-impact/images/8/8b/Melusent_Gift_Side_Icon.png/revision/latest?cb=20260114090142&format=original,https://upload-bbs.mihoyo.com/game_record/genshin/character_side_icon/UI_AvatarIcon_Side_MelusentGift.png,Characters/Side/UI_AvatarIcon_Side_MelusentGift.png,PNG,image/png,128,128,15296,5a6a3f31d1c34a9c4b260c36ae397ca91696a35f1e25fc67410c94e9b9be8c6f,,success,
Mika,Mika,File:Mika Side Icon.png,official_cdn,https://genshin-impact.fandom.com/wiki/File:Mika_Side_Icon.png,https://upload-bbs.mihoyo.com/game_record/genshin/character_side_icon/UI_AvatarIcon_Side_Mika.png,https://upload-bbs.mihoyo.com/game_record/genshin/character_side_icon/UI_AvatarIcon_Side_Mika.png,Characters/Side/UI_AvatarIcon_Side_Mika.png,PNG,image/png,128,128,17301,89550b7ae0cee84fdbbf396072132e1e14dc86e68c0acdeb63604eff272eccca,,success,
Mona,Mona,File:Mona Side Icon.png,official_cdn,https://genshin-impact.fandom.com/wiki/File:Mona_Side_Icon.png,https://upload-bbs.mihoyo.com/game_record/genshin/character_side_icon/UI_AvatarIcon_Side_Mona.png,https://upload-bbs.mihoyo.com/game_record/genshin/character_side_icon/UI_AvatarIcon_Side_Mona.png,Characters/Side/UI_AvatarIcon_Side_Mona.png,PNG,image/png,128,128,29034,107757df201e9a05473f9a176141ce833e4f414c76d46eedf55f710020f75279,,success,
Mualani,Mualani,File:Mualani Side Icon.png,fandom_mirror,https://genshin-impact.fandom.com/wiki/File:Mualani_Side_Icon.png,https://static.wikia.nocookie.net/gensin-impact/images/8/80/Mualani_Side_Icon.png/revision/latest?cb=20240828060941&format=original,https://upload-bbs.mihoyo.com/game_record/genshin/character_side_icon/UI_AvatarIcon_Side_Mualani.png,Characters/Side/UI_AvatarIcon_Side_Mualani.png,PNG,image/png,128,128,19528,d91ed1c2e3e590559573123ffc0d4dee69916fad5e179a75702394d6cf239256,,success,
Nahida,Nahida,File:Nahida Side Icon.png,official_cdn,https://genshin-impact.fandom.com/wiki/File:Nahida_Side_Icon.png,https://upload-bbs.mihoyo.com/game_record/genshin/character_side_icon/UI_AvatarIcon_Side_Nahida.png,https://upload-bbs.mihoyo.com/game_record/genshin/character_side_icon/UI_AvatarIcon_Side_Nahida.png,Characters/Side/UI_AvatarIcon_Side_Nahida.png,PNG,image/png,128,128,22670,ebcd4e51c07391d6e927f92e857f5c4cf07091990662a6c2d65fa207486978ad,,success,
Navia,Navia,File:Navia Side Icon.png,fandom_mirror,https://genshin-impact.fandom.com/wiki/File:Navia_Side_Icon.png,https://static.wikia.nocookie.net/gensin-impact/images/b/b2/Navia_Side_Icon.png/revision/latest?cb=20231220022158&format=original,https://upload-bbs.mihoyo.com/game_record/genshin/character_side_icon/UI_AvatarIcon_Side_Navia.png,Characters/Side/UI_AvatarIcon_Side_Navia.png,PNG,image/png,128,128,21334,d35c1716941efb94393807ba8bf5b09e2fe5eac161b9a709f4e0f726bc8ffda7,,success,
Nefer,Nefer,File:Nefer Side Icon.png,fandom_mirror,https://genshin-impact.fandom.com/wiki/File:Nefer_Side_Icon.png,https://static.wikia.nocookie.net/gensin-impact/images/7/73/Nefer_Side_Icon.png/revision/latest?cb=20250911122111&format=original,https://upload-bbs.mihoyo.com/game_record/genshin/character_side_icon/UI_AvatarIcon_Side_Nefer.png,Characters/Side/UI_AvatarIcon_Side_Nefer.png,PNG,image/png,128,128,15357,48531c81235ae60c567144978e39973b98f534dce8bf748bd7dc10bfb329aa9a,,success,
Neuvillette,Neuvillette,File:Neuvillette Side Icon.png,fandom_mirror,https://genshin-impact.fandom.com/wiki/File:Neuvillette_Side_Icon.png,https://static.wikia.nocookie.net/gensin-impact/images/2/26/Neuvillette_Side_Icon.png/revision/latest?cb=20230927122512&format=original,https://upload-bbs.mihoyo.com/game_record/genshin/character_side_icon/UI_AvatarIcon_Side_Neuvillette.png,Characters/Side/UI_AvatarIcon_Side_Neuvillette.png,PNG,image/png,128,128,15544,edb47ab49b3b8d5bba85b2c00e22b87b6b948fb0b0bad9331cc960f9ac9028e3,,success,
Nicole,Nicole,File:Nicole Side Icon.png,fandom_mirror,https://genshin-impact.fandom.com/wiki/File:Nicole_Side_Icon.png,https://static.wikia.nocookie.net/gensin-impact/images/0/01/Nicole_Side_Icon.png/revision/latest?cb=20260413055156&format=original,https://upload-bbs.mihoyo.com/game_record/genshin/character_side_icon/UI_AvatarIcon_Side_Nicole.png,Characters/Side/UI_AvatarIcon_Side_Nicole.png,PNG,image/png,128,128,15143,40d5912f1ec62c1ca261738806b43ca1a8d6a6569d5425485f76512ede9b2e7c,,success,
Nilou,Nilou,File:Nilou Side Icon.png,official_cdn,https://genshin-impact.fandom.com/wiki/File:Nilou_Side_Icon.png,https://upload-bbs.mihoyo.com/game_record/genshin/character_side_icon/UI_AvatarIcon_Side_Nilou.png,https://upload-bbs.mihoyo.com/game_record/genshin/character_side_icon/UI_AvatarIcon_Side_Nilou.png,Characters/Side/UI_AvatarIcon_Side_Nilou.png,PNG,image/png,128,128,19271,3a728f088e350841b7801395517b27826602cf5422ac316e9c1a2e90d21a19d7,,success,
Ningguang,Ningguang,File:Ningguang Side Icon.png,official_cdn,https://genshin-impact.fandom.com/wiki/File:Ningguang_Side_Icon.png,https://upload-bbs.mihoyo.com/game_record/genshin/character_side_icon/UI_AvatarIcon_Side_Ningguang.png,https://upload-bbs.mihoyo.com/game_record/genshin/character_side_icon/UI_AvatarIcon_Side_Ningguang.png,Characters/Side/UI_AvatarIcon_Side_Ningguang.png,PNG,image/png,128,128,17601,eefe5ef0a4c3da8dca77e3da22dde2720c30815c8269c3ae04fe1efafd769611,,success,
Noelle,Noelle,File:Noelle Side Icon.png,fandom_mirror,https://genshin-impact.fandom.com/wiki/File:Noelle_Side_Icon.png,https://static.wikia.nocookie.net/gensin-impact/images/1/15/Noelle_Side_Icon.png/revision/latest?cb=20210621213935&format=original,https://upload-bbs.mihoyo.com/game_record/genshin/character_side_icon/UI_AvatarIcon_Side_Noelle.png,Characters/Side/UI_AvatarIcon_Side_Noelle.png,PNG,image/png,128,128,13803,f7f2175b7fea555870fee9c7a00dad4ec92836247a8dae26b70f9969baa0c397,,success,
None,None,File:None Side Icon.png,fandom_mirror,https://genshin-impact.fandom.com/wiki/File:None_Side_Icon.png,https://static.wikia.nocookie.net/gensin-impact/images/c/c6/None_Side_Icon.png/revision/latest?cb=20210621213943&format=original,https://upload-bbs.mihoyo.com/game_record/genshin/character_side_icon/UI_AvatarIcon_Side_None.png,Characters/Side/UI_AvatarIcon_Side_None.png,PNG,image/png,128,128,6959,67d75f3038ea900559b29433e2bcbbe9db1497224cbc10b6f1d3846ce276fb05,,success,
Odette,Odette,File:Odette Side Icon.png,fandom_mirror,https://genshin-impact.fandom.com/wiki/File:Odette_Side_Icon.png,https://static.wikia.nocookie.net/gensin-impact/images/9/9b/Odette_Side_Icon.png/revision/latest?cb=20260812034002&format=original,https://upload-bbs.mihoyo.com/game_record/genshin/character_side_icon/UI_AvatarIcon_Side_Odette.png,Characters/Side/UI_AvatarIcon_Side_Odette.png,PNG,image/png,128,128,13007,155a4f06b6dea8f5603121961c652d796fcf0eca965da1de58586b3734d8b8b1,,success,
Ororon,Ororon,File:Ororon Side Icon.png,fandom_mirror,https://genshin-impact.fandom.com/wiki/File:Ororon_Side_Icon.png,https://static.wikia.nocookie.net/gensin-impact/images/0/04/Ororon_Side_Icon.png/revision/latest?cb=20241120132656&format=original,https://upload-bbs.mihoyo.com/game_record/genshin/character_side_icon/UI_AvatarIcon_Side_Ororon.png,Characters/Side/UI_AvatarIcon_Side_Ororon.png,PNG,image/png,128,128,17840,db6380cb466ac4838cc1f74c1fa92ce0e504af1247686aa458fa9565714ceea4,,success,
Paimon,Paimon,File:Paimon Side Icon.png,fandom_mirror,https://genshin-impact.fandom.com/wiki/File:Paimon_Side_Icon.png,https://static.wikia.nocookie.net/gensin-impact/images/9/9d/Paimon_Side_Icon.png/revision/latest?cb=20211126132915&format=original,https://upload-bbs.mihoyo.com/game_record/genshin/character_side_icon/UI_AvatarIcon_Side_Paimon.png,Characters/Side/UI_AvatarIcon_Side_Paimon.png,PNG,image/png,128,128,11185,61add41e4aa084b39a60843654dfcd60c16d7f50150f475fd54e69884554dfcf,,success,
PhantominBoots,Phantom in Boots,File:Phantom in Boots Side Icon.png,fandom_mirror,https://genshin-impact.fandom.com/wiki/File:Phantom_in_Boots_Side_Icon.png,https://static.wikia.nocookie.net/gensin-impact/images/2/25/Phantom_in_Boots_Side_Icon.png/revision/latest?cb=20240718231712&format=original,https://upload-bbs.mihoyo.com/game_record/genshin/character_side_icon/UI_AvatarIcon_Side_PhantominBoots.png,Characters/Side/UI_AvatarIcon_Side_PhantominBoots.png,PNG,image/png,128,128,18567,8970c5241aff9517f1bf32aed35d4f57d55e049eb5fbcac74aa82eb6a4c5531e,,success,
Prune,Prune,File:Prune Side Icon.png,fandom_mirror,https://genshin-impact.fandom.com/wiki/File:Prune_Side_Icon.png,https://static.wikia.nocookie.net/gensin-impact/images/0/07/Prune_Side_Icon.png/revision/latest?cb=20260520080108&format=original,https://upload-bbs.mihoyo.com/game_record/genshin/character_side_icon/UI_AvatarIcon_Side_Prune.png,Characters/Side/UI_AvatarIcon_Side_Prune.png,PNG,image/png,128,128,15102,ffd633276315dedd68a2146b2d09ec8d2b4142851f681932482c28c65f770ce9,,success,
Qiqi,Qiqi,File:Qiqi Side Icon.png,official_cdn,https://genshin-impact.fandom.com/wiki/File:Qiqi_Side_Icon.png,https://upload-bbs.mihoyo.com/game_record/genshin/character_side_icon/UI_AvatarIcon_Side_Qiqi.png,https://upload-bbs.mihoyo.com/game_record/genshin/character_side_icon/UI_AvatarIcon_Side_Qiqi.png,Characters/Side/UI_AvatarIcon_Side_Qiqi.png,PNG,image/png,128,128,18620,03b591edcd7f472402b83e508bb8535d88be654b7be4954d5c8e5edf4c0eb268,,success,
Shougun,Raiden Shogun,File:Raiden Shogun Side Icon.png,official_cdn,https://genshin-impact.fandom.com/wiki/File:Raiden_Shogun_Side_Icon.png,https://upload-bbs.mihoyo.com/game_record/genshin/character_side_icon/UI_AvatarIcon_Side_Shougun.png,https://upload-bbs.mihoyo.com/game_record/genshin/character_side_icon/UI_AvatarIcon_Side_Shougun.png,Characters/Side/UI_AvatarIcon_Side_Shougun.png,PNG,image/png,128,128,16456,48a75eb9f4bc80cf23503017db90ae7535fc6250d5ed8e27b88d60bf75483f2b,,success,
Razor,Razor,File:Razor Side Icon.png,official_cdn,https://genshin-impact.fandom.com/wiki/File:Razor_Side_Icon.png,https://upload-bbs.mihoyo.com/game_record/genshin/character_side_icon/UI_AvatarIcon_Side_Razor.png,https://upload-bbs.mihoyo.com/game_record/genshin/character_side_icon/UI_AvatarIcon_Side_Razor.png,Characters/Side/UI_AvatarIcon_Side_Razor.png,PNG,image/png,128,128,17936,1d7e83becce3d5dd6a601f2594c6c604b9a190c73dbbd3ce8ff57241a711ebe3,,success,
Rosaria,Rosaria,File:Rosaria Side Icon.png,official_cdn,https://genshin-impact.fandom.com/wiki/File:Rosaria_Side_Icon.png,https://upload-bbs.mihoyo.com/game_record/genshin/character_side_icon/UI_AvatarIcon_Side_Rosaria.png,https://upload-bbs.mihoyo.com/game_record/genshin/character_side_icon/UI_AvatarIcon_Side_Rosaria.png,Characters/Side/UI_AvatarIcon_Side_Rosaria.png,PNG,image/png,128,128,17809,cdc4a9678c0a2d5fe54c53f931a113ff58da5ae9f7692e95a3fd147e52c92e99,,success,
SandroneNPC,Sandrone NPC,File:Sandrone NPC Side Icon.png,fandom_mirror,https://genshin-impact.fandom.com/wiki/File:Sandrone_NPC_Side_Icon.png,https://static.wikia.nocookie.net/gensin-impact/images/2/22/Sandrone_NPC_Side_Icon.png/revision/latest?cb=20260701055043&format=original,https://upload-bbs.mihoyo.com/game_record/genshin/character_side_icon/UI_AvatarIcon_Side_SandroneNPC.png,Characters/Side/UI_AvatarIcon_Side_SandroneNPC.png,PNG,image/png,128,128,14187,ac9e766aa07ac89737603b66a18f7248ce2bd3aae0e161191875e432643106bc,,success,
Sandrone,Sandrone,File:Sandrone Side Icon.png,fandom_mirror,https://genshin-impact.fandom.com/wiki/File:Sandrone_Side_Icon.png,https://static.wikia.nocookie.net/gensin-impact/images/8/8f/Sandrone_Side_Icon.png/revision/latest?cb=20260701055231&format=original,https://upload-bbs.mihoyo.com/game_record/genshin/character_side_icon/UI_AvatarIcon_Side_Sandrone.png,Characters/Side/UI_AvatarIcon_Side_Sandrone.png,PNG,image/png,128,128,14982,ede8b771b96e8cae0a00a6139ee238655d7be04f191a706fd6cb540f658db4bf,,success,
Kokomi,Sangonomiya Kokomi,File:Sangonomiya Kokomi Side Icon.png,official_cdn,https://genshin-impact.fandom.com/wiki/File:Sangonomiya_Kokomi_Side_Icon.png,https://upload-bbs.mihoyo.com/game_record/genshin/character_side_icon/UI_AvatarIcon_Side_Kokomi.png,https://upload-bbs.mihoyo.com/game_record/genshin/character_side_icon/UI_AvatarIcon_Side_Kokomi.png,Characters/Side/UI_AvatarIcon_Side_Kokomi.png,PNG,image/png,128,128,19826,db6c3ce194bb30ba4f819ccd227447946b54ea3cf5a77d9ac82a8331c7632a9f,,success,
Sayu,Sayu,File:Sayu Side Icon.png,official_cdn,https://genshin-impact.fandom.com/wiki/File:Sayu_Side_Icon.png,https://upload-bbs.mihoyo.com/game_record/genshin/character_side_icon/UI_AvatarIcon_Side_Sayu.png,https://upload-bbs.mihoyo.com/game_record/genshin/character_side_icon/UI_AvatarIcon_Side_Sayu.png,Characters/Side/UI_AvatarIcon_Side_Sayu.png,PNG,image/png,128,128,15781,603917d0d41ede4fae611a6f46323de98900bd73acf167628e989fe34482168e,,success,
Sethos,Sethos,File:Sethos Side Icon.png,fandom_mirror,https://genshin-impact.fandom.com/wiki/File:Sethos_Side_Icon.png,https://static.wikia.nocookie.net/gensin-impact/images/5/5a/Sethos_Side_Icon.png/revision/latest?cb=20240605022449&format=original,https://upload-bbs.mihoyo.com/game_record/genshin/character_side_icon/UI_AvatarIcon_Side_Sethos.png,Characters/Side/UI_AvatarIcon_Side_Sethos.png,PNG,image/png,128,128,14864,c8d5815594aff77f126c90c9f521cdbc4ca308ee46e80390167bc51ad2f42a8e,,success,
Shenhe,Shenhe,File:Shenhe Side Icon.png,official_cdn,https://genshin-impact.fandom.com/wiki/File:Shenhe_Side_Icon.png,https://upload-bbs.mihoyo.com/game_record/genshin/character_side_icon/UI_AvatarIcon_Side_Shenhe.png,https://upload-bbs.mihoyo.com/game_record/genshin/character_side_icon/UI_AvatarIcon_Side_Shenhe.png,Characters/Side/UI_AvatarIcon_Side_Shenhe.png,PNG,image/png,128,128,16109,82f9768ff51f62c46e79323cc99958648cad52c684d68e5a649995c26b71c281,,success,
Heizo,Shikanoin Heizou,File:Shikanoin Heizou Side Icon.png,official_cdn,https://genshin-impact.fandom.com/wiki/File:Shikanoin_Heizou_Side_Icon.png,https://upload-bbs.mihoyo.com/game_record/genshin/character_side_icon/UI_AvatarIcon_Side_Heizo.png,https://upload-bbs.mihoyo.com/game_record/genshin/character_side_icon/UI_AvatarIcon_Side_Heizo.png,Characters/Side/UI_AvatarIcon_Side_Heizo.png,PNG,image/png,128,128,16446,499b7f138884a298faceb593f0eb33c95b5e8e5f36b23f0a34b93cd4dd7fddb9,,success,
Sigewinne,Sigewinne,File:Sigewinne Side Icon.png,fandom_mirror,https://genshin-impact.fandom.com/wiki/File:Sigewinne_Side_Icon.png,https://static.wikia.nocookie.net/gensin-impact/images/c/ce/Sigewinne_Side_Icon.png/revision/latest?cb=20240625101926&format=original,https://upload-bbs.mihoyo.com/game_record/genshin/character_side_icon/UI_AvatarIcon_Side_Sigewinne.png,Characters/Side/UI_AvatarIcon_Side_Sigewinne.png,PNG,image/png,128,128,15485,81d0e28dd4526479c8e255c7502a79005fbe4156bdb3e28326d99dd757c0f8cf,,success,
Skirk,Skirk,File:Skirk Side Icon.png,fandom_mirror,https://genshin-impact.fandom.com/wiki/File:Skirk_Side_Icon.png,https://static.wikia.nocookie.net/gensin-impact/images/d/dd/Skirk_Side_Icon.png/revision/latest?cb=20250618025212&format=original,https://upload-bbs.mihoyo.com/game_record/genshin/character_side_icon/UI_AvatarIcon_Side_Skirk.png,Characters/Side/UI_AvatarIcon_Side_Skirk.png,PNG,image/png,128,128,15362,2d2d5dac8ea821f69a2cfc9074b452132a99ce036d95a5c41659013bae16354b,,success,
Sucrose,Sucrose,File:Sucrose Side Icon.png,official_cdn,https://genshin-impact.fandom.com/wiki/File:Sucrose_Side_Icon.png,https://upload-bbs.mihoyo.com/game_record/genshin/character_side_icon/UI_AvatarIcon_Side_Sucrose.png,https://upload-bbs.mihoyo.com/game_record/genshin/character_side_icon/UI_AvatarIcon_Side_Sucrose.png,Characters/Side/UI_AvatarIcon_Side_Sucrose.png,PNG,image/png,128,128,20780,d091c8ff3d35e40579fafcfa4c3a703708e9952ce524d6052e94b4a211b6c95e,,success,
Tartaglia,Tartaglia,File:Tartaglia Side Icon.png,official_cdn,https://genshin-impact.fandom.com/wiki/File:Tartaglia_Side_Icon.png,https://upload-bbs.mihoyo.com/game_record/genshin/character_side_icon/UI_AvatarIcon_Side_Tartaglia.png,https://upload-bbs.mihoyo.com/game_record/genshin/character_side_icon/UI_AvatarIcon_Side_Tartaglia.png,Characters/Side/UI_AvatarIcon_Side_Tartaglia.png,PNG,image/png,128,128,18198,2531d75d384c0843f7b3cfe0fcf5d8e74bf69541a9aceca5395799bf61686eef,,success,
Thoma,Thoma,File:Thoma Side Icon.png,fandom_mirror,https://genshin-impact.fandom.com/wiki/File:Thoma_Side_Icon.png,https://static.wikia.nocookie.net/gensin-impact/images/e/e9/Thoma_Side_Icon.png/revision/latest?cb=20220210052208&format=original,https://upload-bbs.mihoyo.com/game_record/genshin/character_side_icon/UI_AvatarIcon_Side_Thoma.png,Characters/Side/UI_AvatarIcon_Side_Thoma.png,PNG,image/png,128,128,13727,d70294825e887edd8703ed15ad1efd01ec65047ed28c42a9b2f53d74fc1af233,,success,
Tighnari,Tighnari,File:Tighnari Side Icon.png,official_cdn,https://genshin-impact.fandom.com/wiki/File:Tighnari_Side_Icon.png,https://upload-bbs.mihoyo.com/game_record/genshin/character_side_icon/UI_AvatarIcon_Side_Tighnari.png,https://upload-bbs.mihoyo.com/game_record/genshin/character_side_icon/UI_AvatarIcon_Side_Tighnari.png,Characters/Side/UI_AvatarIcon_Side_Tighnari.png,PNG,image/png,128,128,18513,df9326c8b8e2f44eb34c168bb20b41a29131387c4694ea5cf50daa77cf2afd7b,,success,
Varesa,Varesa,File:Varesa Side Icon.png,fandom_mirror,https://genshin-impact.fandom.com/wiki/File:Varesa_Side_Icon.png,https://static.wikia.nocookie.net/gensin-impact/images/9/90/Varesa_Side_Icon.png/revision/latest?cb=20250326020815&format=original,https://upload-bbs.mihoyo.com/game_record/genshin/character_side_icon/UI_AvatarIcon_Side_Varesa.png,Characters/Side/UI_AvatarIcon_Side_Varesa.png,PNG,image/png,128,128,19358,8dab625b5e8fb3b171833f2b2880bc2b36844e62ed913183b70a6feec84beddc,,success,
Varka,Varka,File:Varka Side Icon.png,fandom_mirror,https://genshin-impact.fandom.com/wiki/File:Varka_Side_Icon.png,https://static.wikia.nocookie.net/gensin-impact/images/9/9f/Varka_Side_Icon.png/revision/latest?cb=20251022065537&format=original,https://upload-bbs.mihoyo.com/game_record/genshin/character_side_icon/UI_AvatarIcon_Side_Varka.png,Characters/Side/UI_AvatarIcon_Side_Varka.png,PNG,image/png,128,128,13341,eade630fd40095ac62c066e1e6575e60bea0db24fe421db05e97317c3228413a,,success,
Venti,Venti,File:Venti Side Icon.png,official_cdn,https://genshin-impact.fandom.com/wiki/File:Venti_Side_Icon.png,https://upload-bbs.mihoyo.com/game_record/genshin/character_side_icon/UI_AvatarIcon_Side_Venti.png,https://upload-bbs.mihoyo.com/game_record/genshin/character_side_icon/UI_AvatarIcon_Side_Venti.png,Characters/Side/UI_AvatarIcon_Side_Venti.png,PNG,image/png,128,128,19753,cac0e2ad7d4d2e66a0820d422322b3a41be086be055f9962cdd12f05df20ba8b,,success,
Wanderer,Wanderer,File:Wanderer Side Icon.png,official_cdn,https://genshin-impact.fandom.com/wiki/File:Wanderer_Side_Icon.png,https://upload-bbs.mihoyo.com/game_record/genshin/character_side_icon/UI_AvatarIcon_Side_Wanderer.png,https://upload-bbs.mihoyo.com/game_record/genshin/character_side_icon/UI_AvatarIcon_Side_Wanderer.png,Characters/Side/UI_AvatarIcon_Side_Wanderer.png,PNG,image/png,128,128,21080,add19e3460d87400b2ebeae53a9d1431b5a0511159b89070e56fa04e1db26e17,,success,
Wriothesley,Wriothesley,File:Wriothesley Side Icon.png,fandom_mirror,https://genshin-impact.fandom.com/wiki/File:Wriothesley_Side_Icon.png,https://static.wikia.nocookie.net/gensin-impact/images/d/d0/Wriothesley_Side_Icon.png/revision/latest?cb=20231017103754&format=original,https://upload-bbs.mihoyo.com/game_record/genshin/character_side_icon/UI_AvatarIcon_Side_Wriothesley.png,Characters/Side/UI_AvatarIcon_Side_Wriothesley.png,PNG,image/png,128,128,13374,de20665482878e2b228760202c239e39b14c38201b5df41ec7f79bd6683d2163,,success,
Xiangling,Xiangling,File:Xiangling Side Icon.png,official_cdn,https://genshin-impact.fandom.com/wiki/File:Xiangling_Side_Icon.png,https://upload-bbs.mihoyo.com/game_record/genshin/character_side_icon/UI_AvatarIcon_Side_Xiangling.png,https://upload-bbs.mihoyo.com/game_record/genshin/character_side_icon/UI_AvatarIcon_Side_Xiangling.png,Characters/Side/UI_AvatarIcon_Side_Xiangling.png,PNG,image/png,128,128,17479,9e111661dafe9f5c255d7939846efb4c8b120faabc13c5dc8217878955f9695f,,success,
Xianyun,Xianyun,File:Xianyun Side Icon.png,fandom_mirror,https://genshin-impact.fandom.com/wiki/File:Xianyun_Side_Icon.png,https://static.wikia.nocookie.net/gensin-impact/images/0/01/Xianyun_Side_Icon.png/revision/latest?cb=20240131020456&format=original,https://upload-bbs.mihoyo.com/game_record/genshin/character_side_icon/UI_AvatarIcon_Side_Xianyun.png,Characters/Side/UI_AvatarIcon_Side_Xianyun.png,PNG,image/png,128,128,17523,3628f0d1f5605ef6c944dc0862b3bb80ce17814052a692b5f367902a267e35e0,,success,
Xiao,Xiao,File:Xiao Side Icon.png,official_cdn,https://genshin-impact.fandom.com/wiki/File:Xiao_Side_Icon.png,https://upload-bbs.mihoyo.com/game_record/genshin/character_side_icon/UI_AvatarIcon_Side_Xiao.png,https://upload-bbs.mihoyo.com/game_record/genshin/character_side_icon/UI_AvatarIcon_Side_Xiao.png,Characters/Side/UI_AvatarIcon_Side_Xiao.png,PNG,image/png,128,128,16780,80c5672a07ee53d9ce713d254064ca13ac15f2c217db9901a9e8b0adf78f3ff6,,success,
Xilonen,Xilonen,File:Xilonen Side Icon.png,fandom_mirror,https://genshin-impact.fandom.com/wiki/File:Xilonen_Side_Icon.png,https://static.wikia.nocookie.net/gensin-impact/images/9/98/Xilonen_Side_Icon.png/revision/latest?cb=20241009114759&format=original,https://upload-bbs.mihoyo.com/game_record/genshin/character_side_icon/UI_AvatarIcon_Side_Xilonen.png,Characters/Side/UI_AvatarIcon_Side_Xilonen.png,PNG,image/png,128,128,15861,ac5ad66f44cde66d3f22ea305d9e029f97054aefc6fea557f1e89e6f99ba7472,,success,
Xingqiu,Xingqiu,File:Xingqiu Side Icon.png,official_cdn,https://genshin-impact.fandom.com/wiki/File:Xingqiu_Side_Icon.png,https://upload-bbs.mihoyo.com/game_record/genshin/character_side_icon/UI_AvatarIcon_Side_Xingqiu.png,https://upload-bbs.mihoyo.com/game_record/genshin/character_side_icon/UI_AvatarIcon_Side_Xingqiu.png,Characters/Side/UI_AvatarIcon_Side_Xingqiu.png,PNG,image/png,128,128,14611,d7f0c66e8099b6316edeefd4d3f49fdd094689236a537b6870926bb1a8005103,,success,
Xinyan,Xinyan,File:Xinyan Side Icon.png,official_cdn,https://genshin-impact.fandom.com/wiki/File:Xinyan_Side_Icon.png,https://upload-bbs.mihoyo.com/game_record/genshin/character_side_icon/UI_AvatarIcon_Side_Xinyan.png,https://upload-bbs.mihoyo.com/game_record/genshin/character_side_icon/UI_AvatarIcon_Side_Xinyan.png,Characters/Side/UI_AvatarIcon_Side_Xinyan.png,PNG,image/png,128,128,35817,4cad28f49796d93eed291215ab9e58335ac8373a4f51b1db877fe817e70db6d5,,success,
Yae,Yae Miko,File:Yae Miko Side Icon.png,official_cdn,https://genshin-impact.fandom.com/wiki/File:Yae_Miko_Side_Icon.png,https://upload-bbs.mihoyo.com/game_record/genshin/character_side_icon/UI_AvatarIcon_Side_Yae.png,https://upload-bbs.mihoyo.com/game_record/genshin/character_side_icon/UI_AvatarIcon_Side_Yae.png,Characters/Side/UI_AvatarIcon_Side_Yae.png,PNG,image/png,128,128,22062,18dbf7fd1549f42de5320e16bd71dc693953e3900e5cc8f711f143badc007f94,,success,
Yanfei,Yanfei,File:Yanfei Side Icon.png,fandom_mirror,https://genshin-impact.fandom.com/wiki/File:Yanfei_Side_Icon.png,https://static.wikia.nocookie.net/gensin-impact/images/b/b3/Yanfei_Side_Icon.png/revision/latest?cb=20210621214054&format=original,https://upload-bbs.mihoyo.com/game_record/genshin/character_side_icon/UI_AvatarIcon_Side_Yanfei.png,Characters/Side/UI_AvatarIcon_Side_Yanfei.png,PNG,image/png,128,128,16314,869ae70627a6cbcc6adb3e0689804ad3b432b5770fbfa025773b959f1f98d3a4,,success,
Yaoyao,Yaoyao,File:Yaoyao Side Icon.png,official_cdn,https://genshin-impact.fandom.com/wiki/File:Yaoyao_Side_Icon.png,https://upload-bbs.mihoyo.com/game_record/genshin/character_side_icon/UI_AvatarIcon_Side_Yaoyao.png,https://upload-bbs.mihoyo.com/game_record/genshin/character_side_icon/UI_AvatarIcon_Side_Yaoyao.png,Characters/Side/UI_AvatarIcon_Side_Yaoyao.png,PNG,image/png,128,128,21735,c302055610a051607cbcb5c292a6b7790a42290d5dee5c5e58a5082b6034a4c1,,success,
Yelan,Yelan,File:Yelan Side Icon.png,official_cdn,https://genshin-impact.fandom.com/wiki/File:Yelan_Side_Icon.png,https://upload-bbs.mihoyo.com/game_record/genshin/character_side_icon/UI_AvatarIcon_Side_Yelan.png,https://upload-bbs.mihoyo.com/game_record/genshin/character_side_icon/UI_AvatarIcon_Side_Yelan.png,Characters/Side/UI_AvatarIcon_Side_Yelan.png,PNG,image/png,128,128,17179,cf8bf0e5b884ef1f287d7e285e9adaa352e1783fa63d5b168c3034b04c899a29,,success,
Yoimiya,Yoimiya,File:Yoimiya Side Icon.png,official_cdn,https://genshin-impact.fandom.com/wiki/File:Yoimiya_Side_Icon.png,https://upload-bbs.mihoyo.com/game_record/genshin/character_side_icon/UI_AvatarIcon_Side_Yoimiya.png,https://upload-bbs.mihoyo.com/game_record/genshin/character_side_icon/UI_AvatarIcon_Side_Yoimiya.png,Characters/Side/UI_AvatarIcon_Side_Yoimiya.png,PNG,image/png,128,128,21417,d6f526795ba5e7d6a4236e09c262a43a09bf88d7edab403bd18149179c07c59b,,success,
YumemizukiMizuki,Yumemizuki Mizuki,File:Yumemizuki Mizuki Side Icon.png,fandom_mirror,https://genshin-impact.fandom.com/wiki/File:Yumemizuki_Mizuki_Side_Icon.png,https://static.wikia.nocookie.net/gensin-impact/images/2/23/Yumemizuki_Mizuki_Side_Icon.png/revision/latest?cb=20250212083434&format=original,https://upload-bbs.mihoyo.com/game_record/genshin/character_side_icon/UI_AvatarIcon_Side_YumemizukiMizuki.png,Characters/Side/UI_AvatarIcon_Side_YumemizukiMizuki.png,PNG,image/png,128,128,16426,1aa1fbccd5395233dcea92390f2d8f5f0ee3805af067a684b68fb08fd8d4bbd2,,success,
YunJin,Yun Jin,File:Yun Jin Side Icon.png,fandom_mirror,https://genshin-impact.fandom.com/wiki/File:Yun_Jin_Side_Icon.png,https://static.wikia.nocookie.net/gensin-impact/images/f/fb/Yun_Jin_Side_Icon.png/revision/latest?cb=20220210175728&format=original,https://upload-bbs.mihoyo.com/game_record/genshin/character_side_icon/UI_AvatarIcon_Side_YunJin.png,Characters/Side/UI_AvatarIcon_Side_YunJin.png,PNG,image/png,128,128,15839,6650e4922349c2913f6281c470a6b3b915503d99afa3b5e31b304f55fab1102b,,success,
Zhongli,Zhongli,File:Zhongli Side Icon.png,official_cdn,https://genshin-impact.fandom.com/wiki/File:Zhongli_Side_Icon.png,https://upload-bbs.mihoyo.com/game_record/genshin/character_side_icon/UI_AvatarIcon_Side_Zhongli.png,https://upload-bbs.mihoyo.com/game_record/genshin/character_side_icon/UI_AvatarIcon_Side_Zhongli.png,Characters/Side/UI_AvatarIcon_Side_Zhongli.png,PNG,image/png,128,128,15725,8acccb231db2dd2130729e11baf6bba52452b93dca6149423460ff0dddadabd4,,success,
Zibai,Zibai,File:Zibai Side Icon.png,fandom_mirror,https://genshin-impact.fandom.com/wiki/File:Zibai_Side_Icon.png,https://static.wikia.nocookie.net/gensin-impact/images/1/12/Zibai_Side_Icon.png/revision/latest?cb=20260205111349&format=original,https://upload-bbs.mihoyo.com/game_record/genshin/character_side_icon/UI_AvatarIcon_Side_Zibai.png,Characters/Side/UI_AvatarIcon_Side_Zibai.png,PNG,image/png,128,128,17949,84b7a11c5298960387344cbcf79d308f7f5758886133506a1f0d95aead401819,,success,
