character_name_zh,catalog_name_zh,hoyowiki_entry_id,hoyowiki_detail_page_url,source_type,source_page_url,source_image_url,local_path,image_format,mime_type,http_content_type,width,height,file_size_bytes,sha256,has_alpha_channel,duplicate_of,status,error
七七,七七,1,https://wiki.hoyolab.com/pc/genshin/entry/1?lang=zh-cn,hoyowiki_detail_header_cover,https://wiki.hoyolab.com/pc/genshin/entry/1?lang=zh-cn,https://bbs.hoyolab.com/hoyowiki/picture/character/七七/avatar.png,Characters/Illustrations/Wish/七七_1.png,PNG,image/png,image/png,1560,1476,468615,a671daa07f4794e0f66f77fd757c791fa53ea8c0e19369bf39b0c92716f0affa,true,,success,
丽莎,丽莎,2,https://wiki.hoyolab.com/pc/genshin/entry/2?lang=zh-cn,hoyowiki_detail_header_cover,https://wiki.hoyolab.com/pc/genshin/entry/2?lang=zh-cn,https://upload-static.hoyoverse.com/hoyolab-wiki/2023/02/23/7998136/64ff2675c8c6e9a14eafe7b6dc73aab4_352026999572546730.png,Characters/Illustrations/Wish/丽莎_2.png,PNG,image/png,image/png,1201,1245,936916,edd7a4d50549cdbe8b034608018420b2b99a3665c245ff3607df35f4a3b2f60e,true,,success,
九条裟罗,九条裟罗,3,https://wiki.hoyolab.com/pc/genshin/entry/3?lang=zh-cn,hoyowiki_detail_header_cover,https://wiki.hoyolab.com/pc/genshin/entry/3?lang=zh-cn,https://bbs.hoyolab.com/hoyowiki/picture/character/九条裟罗/avatar.png,Characters/Illustrations/Wish/九条裟罗_3.png,PNG,image/png,image/png,1638,1379,319331,e09d67a8c0b7bcd7c9573eb7861442d855e083e014875f1dffad4d0b849196cf,true,,success,
云堇,云堇,4,https://wiki.hoyolab.com/pc/genshin/entry/4?lang=zh-cn,hoyowiki_detail_header_cover,https://wiki.hoyolab.com/pc/genshin/entry/4?lang=zh-cn,https://bbs.hoyolab.com/hoyowiki/picture/character/云堇/avatar.png,Characters/Illustrations/Wish/云堇_4.png,PNG,image/png,image/png,1473,1651,342048,98b6f26563b4fd98e0b9a14c68476e57a404db719f81312c206e64c6c09f7f82,true,,success,
五郎,五郎,5,https://wiki.hoyolab.com/pc/genshin/entry/5?lang=zh-cn,hoyowiki_detail_header_cover,https://wiki.hoyolab.com/pc/genshin/entry/5?lang=zh-cn,https://bbs.hoyolab.com/hoyowiki/picture/character/五郎/avatar.png,Characters/Illustrations/Wish/五郎_5.png,PNG,image/png,image/png,1496,1426,273234,208b4c0eb0cef8f22e0d871f7a08ef3df55082cbf3270d17916986f9125d7c1f,true,,success,
优菈,优菈,6,https://wiki.hoyolab.com/pc/genshin/entry/6?lang=zh-cn,hoyowiki_detail_header_cover,https://wiki.hoyolab.com/pc/genshin/entry/6?lang=zh-cn,https://bbs.hoyolab.com/hoyowiki/picture/character/优菈/avatar.png,Characters/Illustrations/Wish/优菈_6.png,PNG,image/png,image/png,1680,1680,504219,9b24160664edc1e278f99d398eb72838d21c9376bc9c7e6a9c03e14a38ed03b7,true,,success,
八重神子,八重神子,7,https://wiki.hoyolab.com/pc/genshin/entry/7?lang=zh-cn,hoyowiki_detail_header_cover,https://wiki.hoyolab.com/pc/genshin/entry/7?lang=zh-cn,https://bbs.hoyolab.com/hoyowiki/picture/character/八重神子/avatar.png,Characters/Illustrations/Wish/八重神子_7.png,PNG,image/png,image/png,1381,1283,482985,13deda0218570325df724cc005e792e2f8795c14ec226b3c7ba588312a12b881,true,,success,
凝光,凝光,8,https://wiki.hoyolab.com/pc/genshin/entry/8?lang=zh-cn,hoyowiki_detail_header_cover,https://wiki.hoyolab.com/pc/genshin/entry/8?lang=zh-cn,https://bbs.hoyolab.com/hoyowiki/picture/character/凝光/avatar.png,Characters/Illustrations/Wish/凝光_8.png,PNG,image/png,image/png,1420,992,244739,a10da987807439bbcf88500e83a36b6fdb8c85159766c71ca57e2e08506ba0ca,true,,success,
凯亚,凯亚,9,https://wiki.hoyolab.com/pc/genshin/entry/9?lang=zh-cn,hoyowiki_detail_header_cover,https://wiki.hoyolab.com/pc/genshin/entry/9?lang=zh-cn,https://act-upload.hoyoverse.com/event-ugc-hoyowiki/2024/11/18/119725280/eaed087aacc9d4f662416504f5f78933_5582298273193578007.png,Characters/Illustrations/Wish/凯亚_9.png,PNG,image/png,image/png,1200,1200,883223,304890a21ff07acdad14d4797e8d39c22b861022cff91396ebb87b9c299933cb,true,,success,
刻晴,刻晴,10,https://wiki.hoyolab.com/pc/genshin/entry/10?lang=zh-cn,hoyowiki_detail_header_cover,https://wiki.hoyolab.com/pc/genshin/entry/10?lang=zh-cn,https://bbs.hoyolab.com/hoyowiki/picture/character/刻晴/avatar.png,Characters/Illustrations/Wish/刻晴_10.png,PNG,image/png,image/png,1516,1376,407746,9ebb6665b7ee3730c0f48e436fc7de5715df03453fc35d2b3ed3547571881b33,true,,success,
北斗,北斗,11,https://wiki.hoyolab.com/pc/genshin/entry/11?lang=zh-cn,hoyowiki_detail_header_cover,https://wiki.hoyolab.com/pc/genshin/entry/11?lang=zh-cn,https://bbs.hoyolab.com/hoyowiki/picture/character/北斗/avatar.png,Characters/Illustrations/Wish/北斗_11.png,PNG,image/png,image/png,1528,1283,247712,f31983adcf11e5a735b6829e65fe47aa8dc8638d4ffa16422ac8f87d62202c32,true,,success,
可莉,可莉,12,https://wiki.hoyolab.com/pc/genshin/entry/12?lang=zh-cn,hoyowiki_detail_header_cover,https://wiki.hoyolab.com/pc/genshin/entry/12?lang=zh-cn,https://bbs.hoyolab.com/hoyowiki/picture/character/可莉/avatar.png,Characters/Illustrations/Wish/可莉_12.png,PNG,image/png,image/png,1069,1245,224582,dbccda8634f966145991df4fc0fbcb4cec288182d4770ec82ec8e8fa5cfb7d15,true,,success,
埃洛伊,埃洛伊,13,https://wiki.hoyolab.com/pc/genshin/entry/13?lang=zh-cn,hoyowiki_detail_header_cover,https://wiki.hoyolab.com/pc/genshin/entry/13?lang=zh-cn,https://bbs.hoyolab.com/hoyowiki/picture/character/埃洛伊/avatar.png,Characters/Illustrations/Wish/埃洛伊_13.png,PNG,image/png,image/png,1488,1491,421496,7fcbe5ce1f55b9a54047ac2cdeed4746602c352c31beb564ca195e10d31bcd77,true,,success,
安柏,安柏,14,https://wiki.hoyolab.com/pc/genshin/entry/14?lang=zh-cn,hoyowiki_detail_header_cover,https://wiki.hoyolab.com/pc/genshin/entry/14?lang=zh-cn,https://bbs.hoyolab.com/hoyowiki/picture/character/安柏/avatar.png,Characters/Illustrations/Wish/安柏_14.png,PNG,image/png,image/png,1528,1283,238794,ee143808a8c47be19689019d684dc72e4442b467b21b3e95a5c499c93d515780,true,,success,
宵宫,宵宫,15,https://wiki.hoyolab.com/pc/genshin/entry/15?lang=zh-cn,hoyowiki_detail_header_cover,https://wiki.hoyolab.com/pc/genshin/entry/15?lang=zh-cn,https://bbs.hoyolab.com/hoyowiki/picture/character/宵宫/avatar.png,Characters/Illustrations/Wish/宵宫_15.png,PNG,image/png,image/png,1875,1683,545121,ffcd70191308990f53bb7ca5201f74c5389d05e72a07cb03c4dd789367e13c54,true,,success,
托马,托马,16,https://wiki.hoyolab.com/pc/genshin/entry/16?lang=zh-cn,hoyowiki_detail_header_cover,https://wiki.hoyolab.com/pc/genshin/entry/16?lang=zh-cn,https://bbs.hoyolab.com/hoyowiki/picture/character/托马/avatar.png,Characters/Illustrations/Wish/托马_16.png,PNG,image/png,image/png,1488,1285,323880,a151ca09f55da1e3bd402a15c1d77e53198d0ad1365f96f5aa45f709354d6eb8,true,,success,
旅行者,旅行者,20,https://wiki.hoyolab.com/pc/genshin/entry/20?lang=zh-cn,hoyowiki_detail_header_cover,https://wiki.hoyolab.com/pc/genshin/entry/20?lang=zh-cn,https://bbs.hoyolab.com/hoyowiki/picture/character/旅行者（无属性）/avatar.png,Characters/Illustrations/Wish/旅行者_20.png,PNG,image/png,image/png,1322,1382,349449,0cd991a6d1f8563d32a6e296940b0ccff06eb55f590f159c84e3810d53ad7364,true,,success,
早柚,早柚,21,https://wiki.hoyolab.com/pc/genshin/entry/21?lang=zh-cn,hoyowiki_detail_header_cover,https://wiki.hoyolab.com/pc/genshin/entry/21?lang=zh-cn,https://bbs.hoyolab.com/hoyowiki/picture/character/早柚/avatar.png,Characters/Illustrations/Wish/早柚_21.png,PNG,image/png,image/png,1804,1343,230752,644e388b9691fa67dfd987cf35c35d4ddc10267fe71de6b14603b2254c97fe9c,true,,success,
枫原万叶,枫原万叶,22,https://wiki.hoyolab.com/pc/genshin/entry/22?lang=zh-cn,hoyowiki_detail_header_cover,https://wiki.hoyolab.com/pc/genshin/entry/22?lang=zh-cn,https://upload-static.hoyoverse.com/hoyolab-wiki/2022/10/11/47826599/5b58088cd334f8f4e98495571afb03c9_2660311011997801259.png,Characters/Illustrations/Wish/枫原万叶_22.png,PNG,image/png,image/png,1310,1200,1001118,959ed1591f13d1a3fbab1e95b15abba66b3559a158f867cbc7ed9c0a5f22c3e3,true,,success,
温迪,温迪,23,https://wiki.hoyolab.com/pc/genshin/entry/23?lang=zh-cn,hoyowiki_detail_header_cover,https://wiki.hoyolab.com/pc/genshin/entry/23?lang=zh-cn,https://bbs.hoyolab.com/hoyowiki/picture/character/温迪/avatar.png,Characters/Illustrations/Wish/温迪_23.png,PNG,image/png,image/png,2000,2000,8028474,262dea808184dc3c5afe4554bb47f57eaba7688da2dfd05cbcb7629d719785fb,true,,success,
烟绯,烟绯,24,https://wiki.hoyolab.com/pc/genshin/entry/24?lang=zh-cn,hoyowiki_detail_header_cover,https://wiki.hoyolab.com/pc/genshin/entry/24?lang=zh-cn,https://act-upload.hoyoverse.com/event-ugc-hoyowiki/2024/04/01/327628065/a98a1a2d52ea4b56625fc22a86ba8c7c_9106643142173444613.png,Characters/Illustrations/Wish/烟绯_24.png,PNG,image/png,image/png,1200,1103,1049959,f477ea53ed2bd24b7277271b455e16cc00cf9f4472665b75d415d8d605fd2b8b,true,,success,
珊瑚宫心海,珊瑚宫心海,25,https://wiki.hoyolab.com/pc/genshin/entry/25?lang=zh-cn,hoyowiki_detail_header_cover,https://wiki.hoyolab.com/pc/genshin/entry/25?lang=zh-cn,https://bbs.hoyolab.com/hoyowiki/picture/character/珊瑚宫心海/avatar.png,Characters/Illustrations/Wish/珊瑚宫心海_25.png,PNG,image/png,image/png,1568,1553,476107,935da197f5bf359d9268fb615b827fcc0c17a41fe7dd30f983e7765afd054a0f,true,,success,
班尼特,班尼特,26,https://wiki.hoyolab.com/pc/genshin/entry/26?lang=zh-cn,hoyowiki_detail_header_cover,https://wiki.hoyolab.com/pc/genshin/entry/26?lang=zh-cn,https://bbs.hoyolab.com/hoyowiki/picture/character/班尼特/avatar.png,Characters/Illustrations/Wish/班尼特_26.png,PNG,image/png,image/png,2000,1834,6348980,9b9b956279e8cca435bb83198e874be06c94b74ee66174217769513aa1e424ca,true,,success,
琴,琴,27,https://wiki.hoyolab.com/pc/genshin/entry/27?lang=zh-cn,hoyowiki_detail_header_cover,https://wiki.hoyolab.com/pc/genshin/entry/27?lang=zh-cn,https://bbs.hoyolab.com/hoyowiki/picture/character/琴/avatar.png,Characters/Illustrations/Wish/琴_27.png,PNG,image/png,image/png,2000,1936,11281612,6dc954a0c0089907ffa4448defa07100e1664b6c48a2abb4941403a6e191aa3b,true,,success,
甘雨,甘雨,28,https://wiki.hoyolab.com/pc/genshin/entry/28?lang=zh-cn,hoyowiki_detail_header_cover,https://wiki.hoyolab.com/pc/genshin/entry/28?lang=zh-cn,https://bbs.hoyolab.com/hoyowiki/picture/character/甘雨/avatar.png,Characters/Illustrations/Wish/甘雨_28.png,PNG,image/png,image/png,1560,1560,397028,8ec30473a051237c51bdb6dde62d65294eb99de6b10717cd6f8fe2223683a2ec,true,,success,
申鹤,申鹤,29,https://wiki.hoyolab.com/pc/genshin/entry/29?lang=zh-cn,hoyowiki_detail_header_cover,https://wiki.hoyolab.com/pc/genshin/entry/29?lang=zh-cn,https://bbs.hoyolab.com/hoyowiki/picture/character/申鹤/avatar.png,Characters/Illustrations/Wish/申鹤_29.png,PNG,image/png,image/png,1968,1920,603554,b413012278a5ed06394ecc10c536e0358c9a9330e5180e69dc20784c383427b3,true,,success,
砂糖,砂糖,30,https://wiki.hoyolab.com/pc/genshin/entry/30?lang=zh-cn,hoyowiki_detail_header_cover,https://wiki.hoyolab.com/pc/genshin/entry/30?lang=zh-cn,https://bbs.hoyolab.com/hoyowiki/picture/character/砂糖/avatar.png,Characters/Illustrations/Wish/砂糖_30.png,PNG,image/png,image/png,1533,1404,255978,9a0cb3d454ba4f6d75a193d140775f4b538c7f6dadd9507452bebd243f650480,true,,success,
神里绫人,神里绫人,31,https://wiki.hoyolab.com/pc/genshin/entry/31?lang=zh-cn,hoyowiki_detail_header_cover,https://wiki.hoyolab.com/pc/genshin/entry/31?lang=zh-cn,https://bbs.hoyolab.com/hoyowiki/picture/character/神里绫人/avatar.png,Characters/Illustrations/Wish/神里绫人_31.png,PNG,image/png,image/png,1680,1680,532137,2c1908272cfed67bcd8f7379769cad113448e4294aeeec92ce50b682fe9aae0f,true,,success,
神里绫华,神里绫华,32,https://wiki.hoyolab.com/pc/genshin/entry/32?lang=zh-cn,hoyowiki_detail_header_cover,https://wiki.hoyolab.com/pc/genshin/entry/32?lang=zh-cn,https://bbs.hoyolab.com/hoyowiki/picture/character/神里绫华/avatar.png,Characters/Illustrations/Wish/神里绫华_32.png,PNG,image/png,image/png,1919,1576,554357,41dfb58d3ee5d30a33189efab122148fee51d6fb2c52382989266ef0f8e5c787,true,,success,
罗莎莉亚,罗莎莉亚,33,https://wiki.hoyolab.com/pc/genshin/entry/33?lang=zh-cn,hoyowiki_detail_header_cover,https://wiki.hoyolab.com/pc/genshin/entry/33?lang=zh-cn,https://bbs.hoyolab.com/hoyowiki/picture/character/罗莎莉亚/avatar.png,Characters/Illustrations/Wish/罗莎莉亚_33.png,PNG,image/png,image/png,1443,1284,336720,02ee90bc11ab3565f63c95105d7ad0501b42751a2e57dbaeee62789d8e0df6ab,true,,success,
胡桃,胡桃,34,https://wiki.hoyolab.com/pc/genshin/entry/34?lang=zh-cn,hoyowiki_detail_header_cover,https://wiki.hoyolab.com/pc/genshin/entry/34?lang=zh-cn,https://bbs.hoyolab.com/hoyowiki/picture/character/胡桃/avatar.png,Characters/Illustrations/Wish/胡桃_34.png,PNG,image/png,image/png,2153,1772,592422,551f32beecb3263e395a57a85628dc54c041900b18ec20c023bae04b1b1cbc47,true,,success,
芭芭拉,芭芭拉,35,https://wiki.hoyolab.com/pc/genshin/entry/35?lang=zh-cn,hoyowiki_detail_header_cover,https://wiki.hoyolab.com/pc/genshin/entry/35?lang=zh-cn,https://bbs.hoyolab.com/hoyowiki/picture/character/芭芭拉/avatar.png,Characters/Illustrations/Wish/芭芭拉_35.png,PNG,image/png,image/png,1528,1283,229864,926fa237e59b42eaa472fa6de1bada9c0a88e6d3d20d630b377487622aa2df2f,true,,success,
荒泷一斗,荒泷一斗,36,https://wiki.hoyolab.com/pc/genshin/entry/36?lang=zh-cn,hoyowiki_detail_header_cover,https://wiki.hoyolab.com/pc/genshin/entry/36?lang=zh-cn,https://bbs.hoyolab.com/hoyowiki/picture/character/荒泷一斗/avatar.png,Characters/Illustrations/Wish/荒泷一斗_36.png,PNG,image/png,image/png,1576,1286,460016,4116efebbac9bee93c78b3327009057931a4f88f3d93941a298e9a6927e88cde,true,,success,
莫娜,莫娜,37,https://wiki.hoyolab.com/pc/genshin/entry/37?lang=zh-cn,hoyowiki_detail_header_cover,https://wiki.hoyolab.com/pc/genshin/entry/37?lang=zh-cn,https://bbs.hoyolab.com/hoyowiki/picture/character/莫娜/avatar.png,Characters/Illustrations/Wish/莫娜_37.png,PNG,image/png,image/png,1560,1560,474264,7c756c594723c1966fec9affedfadd2cc14ae3b00f2f03bb2826ba3262f0c3e6,true,,success,
菲谢尔,菲谢尔,38,https://wiki.hoyolab.com/pc/genshin/entry/38?lang=zh-cn,hoyowiki_detail_header_cover,https://wiki.hoyolab.com/pc/genshin/entry/38?lang=zh-cn,https://bbs.hoyolab.com/hoyowiki/picture/character/菲谢尔/avatar.png,Characters/Illustrations/Wish/菲谢尔_38.png,PNG,image/png,image/png,1340,1607,261972,b0f5c16d414b22309bd9a812b49ab24d5fae0306383b57a93dc78754ffd08dc3,true,,success,
行秋,行秋,39,https://wiki.hoyolab.com/pc/genshin/entry/39?lang=zh-cn,hoyowiki_detail_header_cover,https://wiki.hoyolab.com/pc/genshin/entry/39?lang=zh-cn,https://bbs.hoyolab.com/hoyowiki/picture/character/行秋/avatar.png,Characters/Illustrations/Wish/行秋_39.png,PNG,image/png,image/png,1412,1411,226150,0ed40ae66f1281d4aa2d30a597e2e973f8165a404655f215e01ba163d4b24f0a,true,,success,
诺艾尔,诺艾尔,40,https://wiki.hoyolab.com/pc/genshin/entry/40?lang=zh-cn,hoyowiki_detail_header_cover,https://wiki.hoyolab.com/pc/genshin/entry/40?lang=zh-cn,https://bbs.hoyolab.com/hoyowiki/picture/character/诺艾尔/avatar.png,Characters/Illustrations/Wish/诺艾尔_40.png,PNG,image/png,image/png,1255,1175,220334,ff780b46bf809f63be7d5ba721249427c31ea5ffbe96b6ecb1197e6b9bb4c11d,true,,success,
辛焱,辛焱,41,https://wiki.hoyolab.com/pc/genshin/entry/41?lang=zh-cn,hoyowiki_detail_header_cover,https://wiki.hoyolab.com/pc/genshin/entry/41?lang=zh-cn,https://bbs.hoyolab.com/hoyowiki/picture/character/辛焱/avatar.png,Characters/Illustrations/Wish/辛焱_41.png,PNG,image/png,image/png,1680,1680,496641,5eb3c6c0c3cc21f2f04473669526186f8948661c30007f16d0128bea4799766a,true,,success,
达达利亚,达达利亚,42,https://wiki.hoyolab.com/pc/genshin/entry/42?lang=zh-cn,hoyowiki_detail_header_cover,https://wiki.hoyolab.com/pc/genshin/entry/42?lang=zh-cn,https://bbs.hoyolab.com/hoyowiki/picture/character/达达利亚/avatar.png,Characters/Illustrations/Wish/达达利亚_42.png,PNG,image/png,image/png,1692,1666,517614,378696cbde1b430d80fd8ea88d3d648343f5e9c0cbab115dd7b0a4fdc355c43c,true,,success,
迪卢克,迪卢克,43,https://wiki.hoyolab.com/pc/genshin/entry/43?lang=zh-cn,hoyowiki_detail_header_cover,https://wiki.hoyolab.com/pc/genshin/entry/43?lang=zh-cn,https://bbs.hoyolab.com/hoyowiki/picture/character/迪卢克/avatar.png,Characters/Illustrations/Wish/迪卢克_43.png,PNG,image/png,image/png,1252,1471,308192,5c67d7596940a6d6e6878bd0d9187bbd3956fbbbc0d1ba6e0ffc0fcb442e3f30,true,,success,
迪奥娜,迪奥娜,44,https://wiki.hoyolab.com/pc/genshin/entry/44?lang=zh-cn,hoyowiki_detail_header_cover,https://wiki.hoyolab.com/pc/genshin/entry/44?lang=zh-cn,https://bbs.hoyolab.com/hoyowiki/picture/character/迪奥娜/avatar.png,Characters/Illustrations/Wish/迪奥娜_44.png,PNG,image/png,image/png,1189,1207,211674,7f2266a3be3a27667e142d6885a18790228460411dbdae2022e633baaeaa318e,true,,success,
重云,重云,45,https://wiki.hoyolab.com/pc/genshin/entry/45?lang=zh-cn,hoyowiki_detail_header_cover,https://wiki.hoyolab.com/pc/genshin/entry/45?lang=zh-cn,https://bbs.hoyolab.com/hoyowiki/picture/character/重云/avatar.png,Characters/Illustrations/Wish/重云_45.png,PNG,image/png,image/png,1528,1283,386392,6a384aaaff6b5232e66381fc4ac7088e4b3cbd0fc89aa30bd7ce8ac089022207,true,,success,
钟离,钟离,46,https://wiki.hoyolab.com/pc/genshin/entry/46?lang=zh-cn,hoyowiki_detail_header_cover,https://wiki.hoyolab.com/pc/genshin/entry/46?lang=zh-cn,https://bbs.hoyolab.com/hoyowiki/picture/character/钟离/avatar.png,Characters/Illustrations/Wish/钟离_46.png,PNG,image/png,image/png,1222,1542,501551,eb59698dc1fa9b1e8e0b959cdc9ecd52bdb9cc49ed7941f6a5ac5a7645a94256,true,,success,
阿贝多,阿贝多,47,https://wiki.hoyolab.com/pc/genshin/entry/47?lang=zh-cn,hoyowiki_detail_header_cover,https://wiki.hoyolab.com/pc/genshin/entry/47?lang=zh-cn,https://bbs.hoyolab.com/hoyowiki/picture/character/阿贝多/avatar.png,Characters/Illustrations/Wish/阿贝多_47.png,PNG,image/png,image/png,1901,1996,583602,7b01ab988a44539f643d1a56004f78c55566df7e7deaaddb05a99cda125a543c,true,,success,
雷泽,雷泽,48,https://wiki.hoyolab.com/pc/genshin/entry/48?lang=zh-cn,hoyowiki_detail_header_cover,https://wiki.hoyolab.com/pc/genshin/entry/48?lang=zh-cn,https://bbs.hoyolab.com/hoyowiki/picture/character/雷泽/avatar.png,Characters/Illustrations/Wish/雷泽_48.png,PNG,image/png,image/png,1680,1569,396478,d82f080316ea588fe70c97a08a0fe314d771afd6bdc73c6e17575192d80f0fcf,true,,success,
雷电将军,雷电将军,49,https://wiki.hoyolab.com/pc/genshin/entry/49?lang=zh-cn,hoyowiki_detail_header_cover,https://wiki.hoyolab.com/pc/genshin/entry/49?lang=zh-cn,https://bbs.hoyolab.com/hoyowiki/picture/character/雷电将军/avatar.png,Characters/Illustrations/Wish/雷电将军_49.png,PNG,image/png,image/png,1604,1494,543737,47e66a1dcef2539a472d9f69c4cdd35a9cda303155eca28f769a6769144c8601,true,,success,
香菱,香菱,50,https://wiki.hoyolab.com/pc/genshin/entry/50?lang=zh-cn,hoyowiki_detail_header_cover,https://wiki.hoyolab.com/pc/genshin/entry/50?lang=zh-cn,https://bbs.hoyolab.com/hoyowiki/picture/character/香菱/avatar.png,Characters/Illustrations/Wish/香菱_50.png,PNG,image/png,image/png,2000,1340,7459366,6496bf16739e389b2a295c0900c34a084f7cc90ea8455f0393c5e7a1c1a4f432,true,,success,
魈,魈,51,https://wiki.hoyolab.com/pc/genshin/entry/51?lang=zh-cn,hoyowiki_detail_header_cover,https://wiki.hoyolab.com/pc/genshin/entry/51?lang=zh-cn,https://bbs.hoyolab.com/hoyowiki/picture/character/魈/avatar.png,Characters/Illustrations/Wish/魈_51.png,PNG,image/png,image/png,1680,1680,419985,3b0dfe4bc0675591874fc3181e24ff38c64ae2aff987c64ca8d58ee0a955de1f,true,,success,
夜兰,夜兰,2252,https://wiki.hoyolab.com/pc/genshin/entry/2252?lang=zh-cn,hoyowiki_detail_header_cover,https://wiki.hoyolab.com/pc/genshin/entry/2252?lang=zh-cn,https://bbs.hoyolab.com/hoyowiki/picture/character/夜兰/avatar.png,Characters/Illustrations/Wish/夜兰_2252.png,PNG,image/png,image/png,1200,1200,583602,415727226e6fd9e15042c69c925848ed80b39701ffe954f35b91d59437d9176f,true,,success,
久岐忍,久岐忍,2256,https://wiki.hoyolab.com/pc/genshin/entry/2256?lang=zh-cn,hoyowiki_detail_header_cover,https://wiki.hoyolab.com/pc/genshin/entry/2256?lang=zh-cn,https://bbs.hoyolab.com/hoyowiki/picture/character/久岐忍/avatar.png,Characters/Illustrations/Wish/久岐忍_2256.png,PNG,image/png,image/png,1200,1200,583602,2bde21a8c7324e0c77448d0021e1b9a58dcc89539765b7cbd830e430a679f832,true,,success,
鹿野院平藏,鹿野院平藏,2263,https://wiki.hoyolab.com/pc/genshin/entry/2263?lang=zh-cn,hoyowiki_detail_header_cover,https://wiki.hoyolab.com/pc/genshin/entry/2263?lang=zh-cn,https://bbs.hoyolab.com/hoyowiki/picture/character/鹿野院平藏/avatar.png,Characters/Illustrations/Wish/鹿野院平藏_2263.png,PNG,image/png,image/png,1000,1000,897931,d5d18abf635b684606b6656ad161abd6669f68bc0c29f8903bdbf0d773ee3a72,true,,success,
提纳里,提纳里,2265,https://wiki.hoyolab.com/pc/genshin/entry/2265?lang=zh-cn,hoyowiki_detail_header_cover,https://wiki.hoyolab.com/pc/genshin/entry/2265?lang=zh-cn,https://upload-static.hoyoverse.com/hoyolab-wiki/2022/08/24/47826599/58942db439a058f4611f27d8193f681b_7054624527866009858.png,Characters/Illustrations/Wish/提纳里_2265.png,PNG,image/png,image/png,1200,1200,1655557,d9ac9fadc9ba34cd93d3295cb53cb850fa58edd6e0c743193e0ccde52bbd9b7f,true,,success,
柯莱,柯莱,2268,https://wiki.hoyolab.com/pc/genshin/entry/2268?lang=zh-cn,hoyowiki_detail_header_cover,https://wiki.hoyolab.com/pc/genshin/entry/2268?lang=zh-cn,https://upload-static.hoyoverse.com/hoyolab-wiki/2022/08/24/47826599/4044ca9dcb140f6729753d43024c8b54_6630693285572758608.png,Characters/Illustrations/Wish/柯莱_2268.png,PNG,image/png,image/png,1294,1293,1253455,592728c75efb4c8b96ca4e65fcdfac12d7fa23bb98591444c93510eb50aa6041,true,,success,
多莉,多莉,2269,https://wiki.hoyolab.com/pc/genshin/entry/2269?lang=zh-cn,hoyowiki_detail_header_cover,https://wiki.hoyolab.com/pc/genshin/entry/2269?lang=zh-cn,https://upload-static.hoyoverse.com/hoyolab-wiki/2022/09/08/47826599/b4829d47e969136c6687890def3c629a_8077075652319267464.png,Characters/Illustrations/Wish/多莉_2269.png,PNG,image/png,image/png,1200,1200,1194513,cf6421b19eea06d674fc78264c535bcf336012c72a7ff9d2eee7beda42c28ab2,true,,success,
妮露,妮露,2812,https://wiki.hoyolab.com/pc/genshin/entry/2812?lang=zh-cn,hoyowiki_detail_header_cover,https://wiki.hoyolab.com/pc/genshin/entry/2812?lang=zh-cn,https://upload-static.hoyoverse.com/hoyolab-wiki/2022/10/09/36540823/8bd1a35ff8d58654a3f9d727d081cdb9_4828029474032550444.png,Characters/Illustrations/Wish/妮露_2812.png,PNG,image/png,image/png,1200,1200,1558449,863aaa07fd10436f1e89431c8d7164995b4326de76c0e03ffa339f17f3d17d19,true,,success,
赛诺,赛诺,2813,https://wiki.hoyolab.com/pc/genshin/entry/2813?lang=zh-cn,hoyowiki_detail_header_cover,https://wiki.hoyolab.com/pc/genshin/entry/2813?lang=zh-cn,https://upload-static.hoyoverse.com/hoyolab-wiki/2022/09/27/47826599/cb608014e47da4a071ab22cb11c76627_6713162327995465550.png,Characters/Illustrations/Wish/赛诺_2813.png,PNG,image/png,image/png,1200,1200,1430533,6dfbe79ba7a3c1b0342a28a1a8a79c1607607a156faf06174bd390529a0f6a24,true,,success,
坎蒂丝,坎蒂丝,2815,https://wiki.hoyolab.com/pc/genshin/entry/2815?lang=zh-cn,hoyowiki_detail_header_cover,https://wiki.hoyolab.com/pc/genshin/entry/2815?lang=zh-cn,https://upload-static.hoyoverse.com/hoyolab-wiki/2022/09/28/47826599/776ac3df01b790ef95a4c1b0384e828b_5690986771522834253.png,Characters/Illustrations/Wish/坎蒂丝_2815.png,PNG,image/png,image/png,1200,1200,1147859,e47296ef3abc14b50d8504015b75643cd27cb1d84ce155042bc9a1aabd59b62d,true,,success,
纳西妲,纳西妲,2850,https://wiki.hoyolab.com/pc/genshin/entry/2850?lang=zh-cn,hoyowiki_detail_header_cover,https://wiki.hoyolab.com/pc/genshin/entry/2850?lang=zh-cn,https://upload-static.hoyoverse.com/hoyolab-wiki/2022/11/01/47826599/6e1e5196da96bd65e549abe7fa861915_3411839031089085040.png,Characters/Illustrations/Wish/纳西妲_2850.png,PNG,image/png,image/png,1291,1200,1944669,e93851043fddaa42de1c7a9cbbcbc4a849c3a9be093198b39e6b3a2c4186ff1a,true,,success,
莱依拉,莱依拉,2859,https://wiki.hoyolab.com/pc/genshin/entry/2859?lang=zh-cn,hoyowiki_detail_header_cover,https://wiki.hoyolab.com/pc/genshin/entry/2859?lang=zh-cn,https://upload-static.hoyoverse.com/hoyolab-wiki/2022/11/16/47826599/d78c64527941436b02a89131c5da9607_9171538332513333796.png,Characters/Illustrations/Wish/莱依拉_2859.png,PNG,image/png,image/png,1200,1200,1917592,f0c28e38aeb11d4ed5c595f9f8c8fd4bb9d660d08e0ea86deee4516164ff8b8f,true,,success,
珐露珊,珐露珊,2967,https://wiki.hoyolab.com/pc/genshin/entry/2967?lang=zh-cn,hoyowiki_detail_header_cover,https://wiki.hoyolab.com/pc/genshin/entry/2967?lang=zh-cn,https://upload-static.hoyoverse.com/hoyolab-wiki/2022/12/06/47826599/68f891b9f68ab114977e00200efb9e59_2337109451010255342.png,Characters/Illustrations/Wish/珐露珊_2967.png,PNG,image/png,image/png,1200,1200,894959,3fcd3a9dfc220103c5cc4869158d007db8e1e4a1b03a0b779dc520c467d08a18,true,,success,
流浪者,流浪者,2968,https://wiki.hoyolab.com/pc/genshin/entry/2968?lang=zh-cn,hoyowiki_detail_header_cover,https://wiki.hoyolab.com/pc/genshin/entry/2968?lang=zh-cn,https://upload-static.hoyoverse.com/hoyolab-wiki/2022/12/07/36540823/fbd7f995125646282e998d3cb3eb4f84_8344862488028034536.png,Characters/Illustrations/Wish/流浪者_2968.png,PNG,image/png,image/png,1298,1200,2028406,e80345d2449cf5da527175eadfb34b27ea951b397691801be887fef9ec5e446f,true,,success,
瑶瑶,瑶瑶,3335,https://wiki.hoyolab.com/pc/genshin/entry/3335?lang=zh-cn,hoyowiki_detail_header_cover,https://wiki.hoyolab.com/pc/genshin/entry/3335?lang=zh-cn,https://upload-static.hoyoverse.com/hoyolab-wiki/2023/01/18/47826599/c178874ca89b6da072c6e7e7908d12f2_342880357200443434.png,Characters/Illustrations/Wish/瑶瑶_3335.png,PNG,image/png,image/png,1200,1200,717192,07a2d695ae28c14ac201301e27b7b94e4b44aa9f5a845cd9f50712bdc8d8d014,true,,success,
艾尔海森,艾尔海森,3336,https://wiki.hoyolab.com/pc/genshin/entry/3336?lang=zh-cn,hoyowiki_detail_header_cover,https://wiki.hoyolab.com/pc/genshin/entry/3336?lang=zh-cn,https://upload-static.hoyoverse.com/hoyolab-wiki/2023/01/17/47826599/263c92ac7b067f2bbe5498291ff1827c_5190269290695312742.png,Characters/Illustrations/Wish/艾尔海森_3336.png,PNG,image/png,image/png,1200,1151,1705768,825f190acdd99561f657ed5b62b2f6ab8c68af5aaffe26ea60181c80b320fde7,true,,success,
米卡,米卡,3462,https://wiki.hoyolab.com/pc/genshin/entry/3462?lang=zh-cn,hoyowiki_detail_header_cover,https://wiki.hoyolab.com/pc/genshin/entry/3462?lang=zh-cn,https://upload-static.hoyoverse.com/hoyolab-wiki/2023/03/20/47826599/c23402e9898c07b79495d181deca4c13_142825900544846020.png,Characters/Illustrations/Wish/米卡_3462.png,PNG,image/png,image/png,1200,1200,1424064,c990dedf20209b6538185f5be2e8960888238217e216934017e20296037cf0a6,true,,success,
迪希雅,迪希雅,3463,https://wiki.hoyolab.com/pc/genshin/entry/3463?lang=zh-cn,hoyowiki_detail_header_cover,https://wiki.hoyolab.com/pc/genshin/entry/3463?lang=zh-cn,https://upload-static.hoyoverse.com/hoyolab-wiki/2023/02/27/47826599/dbba9ee7329ca34cc3a5e0449cc4c4c0_5276716169177222625.png,Characters/Illustrations/Wish/迪希雅_3463.png,PNG,image/png,image/png,1200,1000,1016784,d84e1fdf5ee2892a0b3e2ee0a181f3a9d959049353f167d80562e85ae2e1ddc3,true,,success,
卡维,卡维,3608,https://wiki.hoyolab.com/pc/genshin/entry/3608?lang=zh-cn,hoyowiki_detail_header_cover,https://wiki.hoyolab.com/pc/genshin/entry/3608?lang=zh-cn,https://upload-static.hoyoverse.com/hoyolab-wiki/2023/05/01/47826599/8706d0f6385f31a35b94a761d4a7a627_8239890960684139716.png,Characters/Illustrations/Wish/卡维_3608.png,PNG,image/png,image/png,1200,1200,1454787,1bbc5b7a18c7757df1350543d278cd09c716f74e8f39d96f0d0969b458608762,true,,success,
白术,白术,3609,https://wiki.hoyolab.com/pc/genshin/entry/3609?lang=zh-cn,hoyowiki_detail_header_cover,https://wiki.hoyolab.com/pc/genshin/entry/3609?lang=zh-cn,https://upload-static.hoyoverse.com/hoyolab-wiki/2023/05/01/47826599/0a29bc885777e12ff3db57de89034281_4147689959114191200.png,Characters/Illustrations/Wish/白术_3609.png,PNG,image/png,image/png,1200,1200,1496569,75e373f5f5bd2890c071eb82ea26af91b45f92bead63487f1b45fa442348d3a3,true,,success,
绮良良,绮良良,3719,https://wiki.hoyolab.com/pc/genshin/entry/3719?lang=zh-cn,hoyowiki_detail_header_cover,https://wiki.hoyolab.com/pc/genshin/entry/3719?lang=zh-cn,https://upload-static.hoyoverse.com/hoyolab-wiki/2023/05/23/47826599/05015541c4d22079c8415938c9cbbe51_5249951412987112397.png,Characters/Illustrations/Wish/绮良良_3719.png,PNG,image/png,image/png,1200,1200,1227314,4d22a3fc98587f9c8d4b27239420d4d98d1fd94f384e3c50dab3d6e4bd97e962,true,,success,
琳妮特,琳妮特,3962,https://wiki.hoyolab.com/pc/genshin/entry/3962?lang=zh-cn,hoyowiki_detail_header_cover,https://wiki.hoyolab.com/pc/genshin/entry/3962?lang=zh-cn,https://upload-static.hoyoverse.com/hoyolab-wiki/2023/08/16/47826599/dd6c06caae12cc7c52f08222eaf6c4f2_7081895361198255255.png,Characters/Illustrations/Wish/琳妮特_3962.png,PNG,image/png,image/png,1280,1280,236510,1be1dd0ca16c782737d3489590f903bc8239f163e10126e3acc9b1dce7441593,true,,success,
林尼,林尼,3963,https://wiki.hoyolab.com/pc/genshin/entry/3963?lang=zh-cn,hoyowiki_detail_header_cover,https://wiki.hoyolab.com/pc/genshin/entry/3963?lang=zh-cn,https://upload-static.hoyoverse.com/hoyolab-wiki/2023/08/16/47826599/d2b9dcd2957d2b1a479ffbf9a2146960_8473412466788017395.png,Characters/Illustrations/Wish/林尼_3963.png,PNG,image/png,image/png,1280,1280,292620,26e3ac86061054f4014ffc4608f9168e540db5d6185c917c2cd65d5369fa7d3f,true,,success,
菲米尼,菲米尼,3964,https://wiki.hoyolab.com/pc/genshin/entry/3964?lang=zh-cn,hoyowiki_detail_header_cover,https://wiki.hoyolab.com/pc/genshin/entry/3964?lang=zh-cn,https://upload-static.hoyoverse.com/hoyolab-wiki/2023/09/06/88072335/3bbf849df340372fb83ff1f4a9583d0a_2774420375574645575.png,Characters/Illustrations/Wish/菲米尼_3964.png,PNG,image/png,image/png,1280,1280,375127,b468d6ebd81d1b5e656d95971ad86653e0f8adac032c17a09bd853e7d08059e5,true,,success,
莱欧斯利,莱欧斯利,4022,https://wiki.hoyolab.com/pc/genshin/entry/4022?lang=zh-cn,hoyowiki_detail_header_cover,https://wiki.hoyolab.com/pc/genshin/entry/4022?lang=zh-cn,https://upload-static.hoyoverse.com/hoyolab-wiki/2023/10/18/88072335/3fdf34f1b64ddfbd70fe9cf306cbc92d_6260001854711116896.png,Characters/Illustrations/Wish/莱欧斯利_4022.png,PNG,image/png,image/png,1280,1280,2124386,357b812e6fe46b629d46ce8e8781a6f15f5ed9b891dcefdcdb69dc56cb83011b,true,,success,
那维莱特,那维莱特,4023,https://wiki.hoyolab.com/pc/genshin/entry/4023?lang=zh-cn,hoyowiki_detail_header_cover,https://wiki.hoyolab.com/pc/genshin/entry/4023?lang=zh-cn,https://upload-static.hoyoverse.com/hoyolab-wiki/2023/09/27/169177528/6ece63f5f6805280554d805e9ccaf9a8_3698685678327407584.png,Characters/Illustrations/Wish/那维莱特_4023.png,PNG,image/png,image/png,1280,1280,2315605,40d752da5e039a0961d627dceceac860d38427cfe1c806067dd1cc5e675e4f51,true,,success,
芙宁娜,芙宁娜,4376,https://wiki.hoyolab.com/pc/genshin/entry/4376?lang=zh-cn,hoyowiki_detail_header_cover,https://wiki.hoyolab.com/pc/genshin/entry/4376?lang=zh-cn,https://upload-static.hoyoverse.com/hoyolab-wiki/2023/11/09/169177528/091538e3a538397a6f6a97725a293802_4677310585144326289.png,Characters/Illustrations/Wish/芙宁娜_4376.png,PNG,image/png,image/png,1280,1280,2505051,46347b5c666658a26057f44bb6a214bdda1f1cdd2ca7084225acf02d71249ea4,true,,success,
夏洛蒂,夏洛蒂,4377,https://wiki.hoyolab.com/pc/genshin/entry/4377?lang=zh-cn,hoyowiki_detail_header_cover,https://wiki.hoyolab.com/pc/genshin/entry/4377?lang=zh-cn,https://upload-static.hoyoverse.com/hoyolab-wiki/2023/11/10/82021897/45c552941667ceea4fabe74013738690_4532468784846688471.png,Characters/Illustrations/Wish/夏洛蒂_4377.png,PNG,image/png,image/png,1280,1280,2195585,0ee390434b76f4cd3c2f4d130decd08045babe9934f18f903e7355c1e1b41d8e,true,,success,
娜维娅,娜维娅,4576,https://wiki.hoyolab.com/pc/genshin/entry/4576?lang=zh-cn,hoyowiki_detail_header_cover,https://wiki.hoyolab.com/pc/genshin/entry/4576?lang=zh-cn,https://act-upload.hoyoverse.com/event-ugc-hoyowiki/2023/12/18/157749474/bab863435d90316289c1769eed121cca_9096322425789703797.png,Characters/Illustrations/Wish/娜维娅_4576.png,PNG,image/png,image/png,1920,1920,2969589,55752e833e72361f6f91cbdb046dd087fb1381d40255fe382169b675d37ccf5c,true,,success,
夏沃蕾,夏沃蕾,4577,https://wiki.hoyolab.com/pc/genshin/entry/4577?lang=zh-cn,hoyowiki_detail_header_cover,https://wiki.hoyolab.com/pc/genshin/entry/4577?lang=zh-cn,https://act-upload.hoyoverse.com/event-ugc-hoyowiki/2024/01/05/157749474/1f8081f5a87c97eafe2591738c0d2986_1317486640723627137.png,Characters/Illustrations/Wish/夏沃蕾_4577.png,PNG,image/png,image/png,1920,1920,2621082,db42c4ccdc2862279657cdf8c3f06c30bdc3d6a82160503700d9b69b10ac5e24,true,,success,
闲云,闲云,4774,https://wiki.hoyolab.com/pc/genshin/entry/4774?lang=zh-cn,hoyowiki_detail_header_cover,https://wiki.hoyolab.com/pc/genshin/entry/4774?lang=zh-cn,https://act-upload.hoyoverse.com/event-ugc-hoyowiki/2024/01/31/327628065/28663bdf7852d92f76280bd81a650728_1050865447448565675.png,Characters/Illustrations/Wish/闲云_4774.png,PNG,image/png,image/png,1280,1280,1758443,574fe79b5939f2cf9510c3d4e620dd5c4ba3cc0ebb87511ef06a57a6bd4d303b,true,,success,
嘉明,嘉明,4775,https://wiki.hoyolab.com/pc/genshin/entry/4775?lang=zh-cn,hoyowiki_detail_header_cover,https://wiki.hoyolab.com/pc/genshin/entry/4775?lang=zh-cn,https://act-upload.hoyoverse.com/event-ugc-hoyowiki/2024/01/30/157749474/c7a87fcbe02fe49014d8b901625ff18f_2629575536988389720.png,Characters/Illustrations/Wish/嘉明_4775.png,PNG,image/png,image/png,1280,1280,1617542,9e7055701c763638d09a77062c3c01d54615834a0d7abef63e9d7914cc348387,true,,success,
千织,千织,4946,https://wiki.hoyolab.com/pc/genshin/entry/4946?lang=zh-cn,hoyowiki_detail_header_cover,https://wiki.hoyolab.com/pc/genshin/entry/4946?lang=zh-cn,https://act-upload.hoyoverse.com/event-ugc-hoyowiki/2024/03/13/327628065/2760dd6c9638da46586032f7b4dc0ef8_4823647322438162861.png,Characters/Illustrations/Wish/千织_4946.png,PNG,image/png,image/png,1280,1280,1139917,36a8439d2255b570073c4b9a307a33c22e2458180e61d9e79fd54611e785dd3d,true,,success,
阿蕾奇诺,阿蕾奇诺,5149,https://wiki.hoyolab.com/pc/genshin/entry/5149?lang=zh-cn,hoyowiki_detail_header_cover,https://wiki.hoyolab.com/pc/genshin/entry/5149?lang=zh-cn,https://act-upload.hoyoverse.com/event-ugc-hoyowiki/2024/04/22/288375639/505d703495f94ef9138e025384bbb5d7_1385002172854910292.png,Characters/Illustrations/Wish/阿蕾奇诺_5149.png,PNG,image/png,image/png,1280,1280,1733682,0c39cd5ec49c78b87d8bf7c046f14d2d4e78bbcab0a5f6f4fea4be586039c481,true,,success,
克洛琳德,克洛琳德,5596,https://wiki.hoyolab.com/pc/genshin/entry/5596?lang=zh-cn,hoyowiki_detail_header_cover,https://wiki.hoyolab.com/pc/genshin/entry/5596?lang=zh-cn,https://act-webstatic.hoyoverse.com/event-static-hoyowiki-admin/2024/06/03/a850a2c6fcd9b1468760e556f2e6d706_2922154090351628142.png,Characters/Illustrations/Wish/克洛琳德_5596.png,PNG,image/png,image/png,640,640,697664,6acb46220582cce6fde521489f3eb5e01445e1576862e3488d34f2a62a3d9fe9,true,,success,
希格雯,希格雯,5597,https://wiki.hoyolab.com/pc/genshin/entry/5597?lang=zh-cn,hoyowiki_detail_header_cover,https://wiki.hoyolab.com/pc/genshin/entry/5597?lang=zh-cn,https://act-webstatic.hoyoverse.com/event-static-hoyowiki-admin/2024/06/21/d8f2091db2fbdb564d066e9595e2bd83_1806687439700285210.png,Characters/Illustrations/Wish/希格雯_5597.png,PNG,image/png,image/png,2048,2048,3244483,fc615294f03ede3035223ac49f7d6526861add2380d5f58a62b35936ef31f93b,true,,success,
赛索斯,赛索斯,5598,https://wiki.hoyolab.com/pc/genshin/entry/5598?lang=zh-cn,hoyowiki_detail_header_cover,https://wiki.hoyolab.com/pc/genshin/entry/5598?lang=zh-cn,https://act-webstatic.hoyoverse.com/event-static-hoyowiki-admin/2024/06/03/c9b2a2c06fa3f9fee19bd52f66ef4802_8446320454138430313.png,Characters/Illustrations/Wish/赛索斯_5598.png,PNG,image/png,image/png,640,640,503013,4067162f12b30651e3d44f6ba89f7f279a671dc2b412478aa0c3e13cb71801e3,true,,success,
艾梅莉埃,艾梅莉埃,5714,https://wiki.hoyolab.com/pc/genshin/entry/5714?lang=zh-cn,hoyowiki_detail_header_cover,https://wiki.hoyolab.com/pc/genshin/entry/5714?lang=zh-cn,https://act-webstatic.hoyoverse.com/event-static-hoyowiki-admin/2024/07/31/b263281d34fa5f03b789032ac40feb1c_8039831287876884560.png,Characters/Illustrations/Wish/艾梅莉埃_5714.png,PNG,image/png,image/png,1280,1280,2192950,b8554fda78b54687ef6993e5f120a1f63a4cb7aaf5472d8eb7ab9197c58b737a,true,,success,
基尼奇,基尼奇,6317,https://wiki.hoyolab.com/pc/genshin/entry/6317?lang=zh-cn,hoyowiki_detail_header_cover,https://wiki.hoyolab.com/pc/genshin/entry/6317?lang=zh-cn,https://act-webstatic.hoyoverse.com/event-static-hoyowiki-admin/2024/09/12/59b68bd99f0ded103af4c8c4098cca23_6304019452837594890.png,Characters/Illustrations/Wish/基尼奇_6317.png,PNG,image/png,image/png,1280,1280,1954289,add9fcf34e3dcec31d8c49ee11de8c6282c6a97b91f0940fbf17895bd7469445,true,,success,
卡齐娜,卡齐娜,6318,https://wiki.hoyolab.com/pc/genshin/entry/6318?lang=zh-cn,hoyowiki_detail_header_cover,https://wiki.hoyolab.com/pc/genshin/entry/6318?lang=zh-cn,https://act-webstatic.hoyoverse.com/event-static-hoyowiki-admin/2024/08/23/43500f5479cb96a62b3fa530e6fdd784_7221959347668369250.png,Characters/Illustrations/Wish/卡齐娜_6318.png,PNG,image/png,image/png,1280,1280,1415309,6187c4510e06385171ed393975af24411bc3ccc78fc7addc7f213fb1f90bcd4e,true,,success,
玛拉妮,玛拉妮,6319,https://wiki.hoyolab.com/pc/genshin/entry/6319?lang=zh-cn,hoyowiki_detail_header_cover,https://wiki.hoyolab.com/pc/genshin/entry/6319?lang=zh-cn,https://act-webstatic.hoyoverse.com/event-static-hoyowiki-admin/2024/08/26/cabadce3bb2274a4a2ab60eca8640ae4_6040487253680456464.png,Characters/Illustrations/Wish/玛拉妮_6319.png,PNG,image/png,image/png,1280,1280,1610735,f4108a74f6eb904780cfee59050e34d8be6f4a04294e3e22d6798ca927e9fe97,true,,success,
希诺宁,希诺宁,6924,https://wiki.hoyolab.com/pc/genshin/entry/6924?lang=zh-cn,hoyowiki_detail_header_cover,https://wiki.hoyolab.com/pc/genshin/entry/6924?lang=zh-cn,https://act-webstatic.hoyoverse.com/event-static-hoyowiki-admin/2024/09/25/d6b244ef6ec3df3bd36e51067d450f17_4308094211599377757.png,Characters/Illustrations/Wish/希诺宁_6924.png,PNG,image/png,image/png,1280,1280,1486275,0157aa3113b1c8a7923acd5cf639160b4bace42a09fa685e57413146b08a88c2,true,,success,
欧洛伦,欧洛伦,7079,https://wiki.hoyolab.com/pc/genshin/entry/7079?lang=zh-cn,hoyowiki_detail_header_cover,https://wiki.hoyolab.com/pc/genshin/entry/7079?lang=zh-cn,https://act-webstatic.hoyoverse.com/event-static-hoyowiki-admin/2024/11/18/2aaf5609d6e105b58883480603332c29_8444797283733535126.png,Characters/Illustrations/Wish/欧洛伦_7079.png,PNG,image/png,image/png,1280,1280,817503,76b8d6e4c6750701fe20bec9d619db434e23d806d36d88c4ba27d7be0b750566,true,,success,
恰斯卡,恰斯卡,7080,https://wiki.hoyolab.com/pc/genshin/entry/7080?lang=zh-cn,hoyowiki_detail_header_cover,https://wiki.hoyolab.com/pc/genshin/entry/7080?lang=zh-cn,https://act-webstatic.hoyoverse.com/event-static-hoyowiki-admin/2024/11/18/c199cc7559c343114d8dfdc075a8b253_6528018387235574538.png,Characters/Illustrations/Wish/恰斯卡_7080.png,PNG,image/png,image/png,1280,1280,1786968,9c94df86d1ed55cf99f6516816e6f9a15a4b51ebbf93326f7b63358f8da89c04,true,,success,
玛薇卡,玛薇卡,7299,https://wiki.hoyolab.com/pc/genshin/entry/7299?lang=zh-cn,hoyowiki_detail_header_cover,https://wiki.hoyolab.com/pc/genshin/entry/7299?lang=zh-cn,https://act-webstatic.hoyoverse.com/event-static-hoyowiki-admin/2024/12/30/8c49e203b2126b3a821ea0231345ec98_3091022826680350135.png,Characters/Illustrations/Wish/玛薇卡_7299.png,PNG,image/png,image/png,1280,1280,1815092,d6d53390228eaf4ca67fb1772a4573d4cafe4af172e173be04c75b581d9270a6,true,,success,
茜特菈莉,茜特菈莉,7300,https://wiki.hoyolab.com/pc/genshin/entry/7300?lang=zh-cn,hoyowiki_detail_header_cover,https://wiki.hoyolab.com/pc/genshin/entry/7300?lang=zh-cn,https://act-upload.hoyoverse.com/event-ugc-hoyowiki/2025/01/13/142453215/9f0124bebef3fec2fb28c457f3ff10d3_4251314068157177974.png,Characters/Illustrations/Wish/茜特菈莉_7300.png,PNG,image/png,image/png,1280,1280,1417894,635cdd9698799d4060eb6dd9fec9122fbb086689526ac559651729646fa167cf,true,,success,
蓝砚,蓝砚,7301,https://wiki.hoyolab.com/pc/genshin/entry/7301?lang=zh-cn,hoyowiki_detail_header_cover,https://wiki.hoyolab.com/pc/genshin/entry/7301?lang=zh-cn,https://act-webstatic.hoyoverse.com/event-static-hoyowiki-admin/2025/01/17/9ef5fbaa2a8cc87eeefba6699705b272_114518928269252871.png,Characters/Illustrations/Wish/蓝砚_7301.png,PNG,image/png,image/png,1280,1280,1383811,ca86bc1ad2526d375f16bbc5d1019bcb188db89a7b11e8bfd782aa2ca5c9b94a,true,,success,
梦见月瑞希,梦见月瑞希,7420,https://wiki.hoyolab.com/pc/genshin/entry/7420?lang=zh-cn,hoyowiki_detail_header_cover,https://wiki.hoyolab.com/pc/genshin/entry/7420?lang=zh-cn,https://act-webstatic.hoyoverse.com/event-static-hoyowiki-admin/2025/02/08/5f834f2d2f59353d326b5e9b0cfa8a62_4851369671043769453.png,Characters/Illustrations/Wish/梦见月瑞希_7420.png,PNG,image/png,image/png,1280,1280,1304822,ec6cbf46b203dfa53b2cc7b959faa4788ba3edcb946db6c212ead23e8dc1481f,true,,success,
瓦雷莎,瓦雷莎,7488,https://wiki.hoyolab.com/pc/genshin/entry/7488?lang=zh-cn,hoyowiki_detail_header_cover,https://wiki.hoyolab.com/pc/genshin/entry/7488?lang=zh-cn,https://act-upload.hoyoverse.com/event-ugc-hoyowiki/2025/03/26/142453215/c5ced7309da2dd862475f376ec5709c4_3105703498390042901.png,Characters/Illustrations/Wish/瓦雷莎_7488.png,PNG,image/png,image/png,1024,1024,1552090,ea5bdab4df9687a8beb0617ec956a9a285074e29944e9598207fd9c311c53ff1,true,,success,
伊安珊,伊安珊,7502,https://wiki.hoyolab.com/pc/genshin/entry/7502?lang=zh-cn,hoyowiki_detail_header_cover,https://wiki.hoyolab.com/pc/genshin/entry/7502?lang=zh-cn,https://act-webstatic.hoyoverse.com/event-static-hoyowiki-admin/2025/03/25/f08a20e1f317b31998bad3dec51b1839_669220128524491712.png,Characters/Illustrations/Wish/伊安珊_7502.png,PNG,image/png,image/png,1024,1024,823410,25f873db279084e5e3680ec78341e12799e060a4c89f5adc21263b550aad8242,true,,success,
爱可菲,爱可菲,7624,https://wiki.hoyolab.com/pc/genshin/entry/7624?lang=zh-cn,hoyowiki_detail_header_cover,https://wiki.hoyolab.com/pc/genshin/entry/7624?lang=zh-cn,https://act-upload.hoyoverse.com/event-ugc-hoyowiki/2025/05/02/142453215/b7df669dcf3d9608df1deee0673a389a_7467508180554883112.png,Characters/Illustrations/Wish/爱可菲_7624.png,PNG,image/png,image/png,1200,921,1359202,af8d2ce38770a8082dbd8cc8d68b5d0687e01ca92f1ffaa0b3bad047504e7a9f,true,,success,
伊法,伊法,7627,https://wiki.hoyolab.com/pc/genshin/entry/7627?lang=zh-cn,hoyowiki_detail_header_cover,https://wiki.hoyolab.com/pc/genshin/entry/7627?lang=zh-cn,https://act-upload.hoyoverse.com/event-ugc-hoyowiki/2025/05/02/142453215/8aa67df62d958135ebca0aa5a6fcca97_894024870255681245.png,Characters/Illustrations/Wish/伊法_7627.png,PNG,image/png,image/png,1200,1069,1487033,23b76d3a303229da31718424a5182aa4e9b231c87d5a7aa0c008a1f52e6b676a,true,,success,
丝柯克,丝柯克,7706,https://wiki.hoyolab.com/pc/genshin/entry/7706?lang=zh-cn,hoyowiki_detail_header_cover,https://wiki.hoyolab.com/pc/genshin/entry/7706?lang=zh-cn,https://act-upload.hoyoverse.com/event-ugc-hoyowiki/2025/06/18/142453215/605c46a122cf1ae6742bc935c7917c01_8392449253889776510.png,Characters/Illustrations/Wish/丝柯克_7706.png,PNG,image/png,image/png,2400,2048,3981062,a0bad150d68bedea09e87bfb939110441b602cf3398aafcf329bac406f45a330,true,,success,
塔利雅,塔利雅,7707,https://wiki.hoyolab.com/pc/genshin/entry/7707?lang=zh-cn,hoyowiki_detail_header_cover,https://wiki.hoyolab.com/pc/genshin/entry/7707?lang=zh-cn,https://act-upload.hoyoverse.com/event-ugc-hoyowiki/2025/06/18/142453215/3b0eab369a8607b3a2846901a31499df_5008064512210078626.png,Characters/Illustrations/Wish/塔利雅_7707.png,PNG,image/png,image/png,1200,1200,1221979,fe83bf08d7c65a14eec91a6dfe13546ab9d096c61ac3a9c490bacf5a8fa69738,true,,success,
伊涅芙,伊涅芙,7852,https://wiki.hoyolab.com/pc/genshin/entry/7852?lang=zh-cn,hoyowiki_detail_header_cover,https://wiki.hoyolab.com/pc/genshin/entry/7852?lang=zh-cn,https://act-webstatic.hoyoverse.com/event-static-hoyowiki-admin/2025/07/28/2137cad96bd2d0cff74e9445dc14e7c9_6232325440221526726.png,Characters/Illustrations/Wish/伊涅芙_7852.png,PNG,image/png,image/png,1024,1024,1715081,1f02a606df5fd22933d4ede709ddb503e1ca9afced84db6ae7b7a9d54f96c71b,true,,success,
菈乌玛,菈乌玛,8396,https://wiki.hoyolab.com/pc/genshin/entry/8396?lang=zh-cn,hoyowiki_detail_header_cover,https://wiki.hoyolab.com/pc/genshin/entry/8396?lang=zh-cn,https://act-webstatic.hoyoverse.com/event-static-hoyowiki-admin/2025/09/08/9975865ddff983342d8078a502eca55d_4585294072678059216.png,Characters/Illustrations/Wish/菈乌玛_8396.png,PNG,image/png,image/png,1024,1024,1707754,92abd69222149addc7fd97a8f935d474c2f2c02fc17312eb1477d7b740b8b9bc,true,,success,
爱诺,爱诺,8397,https://wiki.hoyolab.com/pc/genshin/entry/8397?lang=zh-cn,hoyowiki_detail_header_cover,https://wiki.hoyolab.com/pc/genshin/entry/8397?lang=zh-cn,https://act-webstatic.hoyoverse.com/event-static-hoyowiki-admin/2025/09/09/da3f113828412a8ac4b087ffad2d0744_1489047801581213345.png,Characters/Illustrations/Wish/爱诺_8397.png,PNG,image/png,image/png,1024,1024,1145362,9b385e82fe073dbd59803615527deae5224b85ff907494e74d5658e31310e2ca,true,,success,
菲林斯,菲林斯,8398,https://wiki.hoyolab.com/pc/genshin/entry/8398?lang=zh-cn,hoyowiki_detail_header_cover,https://wiki.hoyolab.com/pc/genshin/entry/8398?lang=zh-cn,https://act-webstatic.hoyoverse.com/event-static-hoyowiki-admin/2025/09/26/3a9eb7782ec7d6352307057e167a0fb4_935890101287890656.png,Characters/Illustrations/Wish/菲林斯_8398.png,PNG,image/png,image/png,1024,1024,1326416,898fcfccd8c2b0780297b264146a223c60556c99c67b3b1675402b539b48d4a7,true,,success,
奈芙尔,奈芙尔,8894,https://wiki.hoyolab.com/pc/genshin/entry/8894?lang=zh-cn,hoyowiki_detail_header_cover,https://wiki.hoyolab.com/pc/genshin/entry/8894?lang=zh-cn,https://act-webstatic.hoyoverse.com/event-static-hoyowiki-admin/2025/10/21/ceb16d3b8e497a899d18a8e8271f8042_8653669803149069589.png,Characters/Illustrations/Wish/奈芙尔_8894.png,PNG,image/png,image/png,1024,1024,1752273,ad793580851856f386db6880ab365f6cbb310a9729c4e1fd6412d2802f3d466b,true,,success,
杜林,杜林,9017,https://wiki.hoyolab.com/pc/genshin/entry/9017?lang=zh-cn,hoyowiki_detail_header_cover,https://wiki.hoyolab.com/pc/genshin/entry/9017?lang=zh-cn,https://act-webstatic.hoyoverse.com/event-static-hoyowiki-admin/2025/11/28/9352f983ce03638ab018280dd5a69a17_1314444071521781605.png,Characters/Illustrations/Wish/杜林_9017.png,PNG,image/png,image/png,1024,1024,1810662,a44e165727ffa12cfa5c8bdf2c0c9dc45a82e06bc7086d6c0183660ba168f52d,true,,success,
雅珂达,雅珂达,9018,https://wiki.hoyolab.com/pc/genshin/entry/9018?lang=zh-cn,hoyowiki_detail_header_cover,https://wiki.hoyolab.com/pc/genshin/entry/9018?lang=zh-cn,https://act-webstatic.hoyoverse.com/event-static-hoyowiki-admin/2025/12/01/f6845d003000f43eb4a6b2cbcb82d6bb_7865144463139138111.png,Characters/Illustrations/Wish/雅珂达_9018.png,PNG,image/png,image/png,1024,1024,827741,e6e2e19ce05bf7fb5a603b615b1fe6950853c900a5c5b710ca1411e0a664e06a,true,,success,
哥伦比娅,哥伦比娅,9121,https://wiki.hoyolab.com/pc/genshin/entry/9121?lang=zh-cn,hoyowiki_detail_header_cover,https://wiki.hoyolab.com/pc/genshin/entry/9121?lang=zh-cn,https://act-webstatic.hoyoverse.com/event-static-hoyowiki-admin/2026/01/13/041c4d6ada7be783b6e7d3d37a4f902d_1413776735054866630.png,Characters/Illustrations/Wish/哥伦比娅_9121.png,PNG,image/png,image/png,1024,1024,1710639,94b632023e5daa0e9c5bb535ce0a7b49b48accd54618988248c5dda2548b4ec2,true,,success,
兹白,兹白,9122,https://wiki.hoyolab.com/pc/genshin/entry/9122?lang=zh-cn,hoyowiki_detail_header_cover,https://wiki.hoyolab.com/pc/genshin/entry/9122?lang=zh-cn,https://act-webstatic.hoyoverse.com/event-static-hoyowiki-admin/2026/01/29/e06df87e9baded8458a64d1e9d9320e6_7804266727938129493.png,Characters/Illustrations/Wish/兹白_9122.png,PNG,image/png,image/png,1024,1024,1818234,19d0fef36bc890a533fddbe95631c3cd59f85c981731ecd607fcb129bc6abf1c,true,,success,
叶洛亚,叶洛亚,9123,https://wiki.hoyolab.com/pc/genshin/entry/9123?lang=zh-cn,hoyowiki_detail_header_cover,https://wiki.hoyolab.com/pc/genshin/entry/9123?lang=zh-cn,https://act-webstatic.hoyoverse.com/event-static-hoyowiki-admin/2026/01/29/ddc76c2fa098b7221c5cb7b1256cbf3b_273436282977714134.png,Characters/Illustrations/Wish/叶洛亚_9123.png,PNG,image/png,image/png,1024,1024,985728,047900c6148829eeee0c37c276b0a9f5da51a78d2865c45ad2be45ca575f4c58,true,,success,
法尔伽,法尔伽,9342,https://wiki.hoyolab.com/pc/genshin/entry/9342?lang=zh-cn,hoyowiki_detail_header_cover,https://wiki.hoyolab.com/pc/genshin/entry/9342?lang=zh-cn,https://act-webstatic.hoyoverse.com/event-static-hoyowiki-admin/2026/02/21/c93e68d267a1bd97bd1755f92f5c93b6_2548486799479682955.png,Characters/Illustrations/Wish/法尔伽_9342.png,PNG,image/png,image/png,1024,1024,1710794,901c2eb46c00e1c511b03a349364979980c17145ed1c6b07b5f84a53f279816e,true,,success,
莉奈娅,莉奈娅,10412,https://wiki.hoyolab.com/pc/genshin/entry/10412?lang=zh-cn,hoyowiki_detail_header_cover,https://wiki.hoyolab.com/pc/genshin/entry/10412?lang=zh-cn,https://act-webstatic.hoyoverse.com/event-static-hoyowiki-admin/2026/04/03/dd589a53d958c5bc672509940b7b67a9_3106717885082903311.png,Characters/Illustrations/Wish/莉奈娅_10412.png,PNG,image/png,image/png,1024,1024,1357458,931c5fe2b9cd015f7e7eac9b5205037b72cfa62564ca3d6812064393276b9759,true,,success,
尼可,尼可,10622,https://wiki.hoyolab.com/pc/genshin/entry/10622?lang=zh-cn,hoyowiki_detail_header_cover,https://wiki.hoyolab.com/pc/genshin/entry/10622?lang=zh-cn,https://act-webstatic.hoyoverse.com/event-static-hoyowiki-admin/2026/05/18/8343ee1846ead2057f566fb862d43f02_273201032140547831.png,Characters/Illustrations/Wish/尼可_10622.png,PNG,image/png,image/png,1024,1024,1815681,2f71932a1d222b6f98888a60af4a9d8be47cb50e3c3f1344f54b1f49ff5fce09,true,,success,
洛恩,洛恩,10623,https://wiki.hoyolab.com/pc/genshin/entry/10623?lang=zh-cn,hoyowiki_detail_header_cover,https://wiki.hoyolab.com/pc/genshin/entry/10623?lang=zh-cn,https://act-webstatic.hoyoverse.com/event-static-hoyowiki-admin/2026/06/05/25ed2ef64b066fab805cf6aa5d8138ad_6494417626267900669.png,Characters/Illustrations/Wish/洛恩_10623.png,PNG,image/png,image/png,1024,1024,1557276,238b79f135dd2767d020e4a4de059c4f150523cf26659f2056fea148c8d2c46c,true,,success,
布伦妮,布伦妮,10624,https://wiki.hoyolab.com/pc/genshin/entry/10624?lang=zh-cn,hoyowiki_detail_header_cover,https://wiki.hoyolab.com/pc/genshin/entry/10624?lang=zh-cn,https://act-webstatic.hoyoverse.com/event-static-hoyowiki-admin/2026/05/19/e3edfe0a8d1e10ecbf93f191d2bec3fc_9174839155180343582.png,Characters/Illustrations/Wish/布伦妮_10624.png,PNG,image/png,image/png,1024,1024,1213292,a5fb4e4c791e55713cfea79747e022d1fcf09f6e0c9bb89fa829f92f5ec39011,true,,success,
桑多涅,桑多涅,10920,https://wiki.hoyolab.com/pc/genshin/entry/10920?lang=zh-cn,hoyowiki_detail_header_cover,https://wiki.hoyolab.com/pc/genshin/entry/10920?lang=zh-cn,https://act-webstatic.hoyoverse.com/event-static-hoyowiki-admin/2026/06/29/41bc02374897b7c6ad2954652900a2e3_1401811719414893298.png,Characters/Illustrations/Wish/桑多涅_10920.png,PNG,image/png,image/png,1024,1024,1338228,383cd013aa1296cddd0ac154101440453612387c691b641d296f1b56a10ba12e,true,,success,
奥黛塔,奥黛塔,11162,https://wiki.hoyolab.com/pc/genshin/entry/11162?lang=zh-cn,hoyowiki_detail_header_cover,https://wiki.hoyolab.com/pc/genshin/entry/11162?lang=zh-cn,https://act-webstatic.hoyoverse.com/event-static-hoyowiki-admin/2026/08/07/cfd6cc5d5d9acf362e104488503cfd31_4562690656500955623.png,Characters/Illustrations/Wish/奥黛塔_11162.png,PNG,image/png,image/png,1024,1024,1686734,c59fd314e5ea98b62dffdc53a3112f1b204e64002d49f745abf945ecb0248f6d,true,,success,
阿罗夏,阿罗夏,11163,https://wiki.hoyolab.com/pc/genshin/entry/11163?lang=zh-cn,hoyowiki_detail_header_cover,https://wiki.hoyolab.com/pc/genshin/entry/11163?lang=zh-cn,https://act-webstatic.hoyoverse.com/event-static-hoyowiki-admin/2026/08/07/2b75d49aa27c8703a15af4dd1835509a_4131380968112196584.png,Characters/Illustrations/Wish/阿罗夏_11163.png,PNG,image/png,image/png,1024,1024,1156185,69a6a7d7d33e8d2c0ae8a2001dab066e9ed071a51ba5d6a8e4b864b6fb99ce2e,true,,success,
薇斯纳,薇斯纳,11661,https://wiki.hoyolab.com/pc/genshin/entry/11661?lang=zh-cn,hoyowiki_detail_header_cover,https://wiki.hoyolab.com/pc/genshin/entry/11661?lang=zh-cn,https://act-webstatic.hoyoverse.com/event-static-hoyowiki-admin/2026/09/20/4b6f6a3f23d2d75ce88ce0cbda60a353_6809385703835051693.png,Characters/Illustrations/Wish/薇斯纳_11661.png,PNG,image/png,image/png,1024,1024,1466612,4a0c0597259799355ea0195cf2c9df13dd381f4178b343031c7c2f02ec35670e,true,,success,
沃雅妮莎,沃雅妮莎,11702,https://wiki.hoyolab.com/pc/genshin/entry/11702?lang=zh-cn,hoyowiki_detail_header_cover,https://wiki.hoyolab.com/pc/genshin/entry/11702?lang=zh-cn,https://act-webstatic.hoyoverse.com/event-static-hoyowiki-admin/2026/09/21/fb01c692f4d6b85cbb89f879b6c1316a_2071150505865050994.png,Characters/Illustrations/Wish/沃雅妮莎_11702.png,PNG,image/png,image/png,1024,1024,1582095,3244b9e1dfec6b1b57d13a6734fe9539a68a1f1168aa2e223f8546613588a0a0,true,,success,
