category,display_name,official_id,source_page_url,source_image_url,local_path,image_format,mime,width,height,bytes,sha256,duplicate_of,status,error
character_avatar,阿罗夏,11163,https://wiki.hoyolab.com/pc/genshin/entry/11163?lang=zh-cn,https://act-webstatic.hoyoverse.com/event-static-hoyowiki-admin/2026/08/07/b866d5fd9adbd2f66874e54208db1107_7133689933484329253.png,Characters/阿罗夏_11163.png,PNG,image/png,256,256,92907,3168b1f9634fd28fbfd861db960ed099a0e24aadb2a4897035dd1b886059819d,,success,
character_avatar,奥黛塔,11162,https://wiki.hoyolab.com/pc/genshin/entry/11162?lang=zh-cn,https://act-webstatic.hoyoverse.com/event-static-hoyowiki-admin/2026/08/07/963982ad49601f7de6a5ab1a364989f7_3689152522029267720.png,Characters/奥黛塔_11162.png,PNG,image/png,256,256,89512,3599641cafa7bb97ae4dcffd635dd2eab4c6f9858828ba366a41024232aefd38,,success,
character_avatar,桑多涅,10920,https://wiki.hoyolab.com/pc/genshin/entry/10920?lang=zh-cn,https://act-webstatic.hoyoverse.com/event-static-hoyowiki-admin/2026/06/29/4ee285b198b7bb8dba2a0a63aa9ffc9f_7866102664638374858.png,Characters/桑多涅_10920.png,PNG,image/png,256,256,89731,1ab3c4e05cae5db564a174b815ffad7d8d69c5f26d284ce4d10e1b6b6261bba3,,success,
character_avatar,布伦妮,10624,https://wiki.hoyolab.com/pc/genshin/entry/10624?lang=zh-cn,https://act-webstatic.hoyoverse.com/event-static-hoyowiki-admin/2026/05/19/51e83d3537b37acc3f422910fe5bef82_3083259311239382441.png,Characters/布伦妮_10624.png,PNG,image/png,256,256,96251,7ddb2e9c2de7dfe7f4192189a7211e8da56828837a284089841b8223593555fb,,success,
character_avatar,洛恩,10623,https://wiki.hoyolab.com/pc/genshin/entry/10623?lang=zh-cn,https://act-webstatic.hoyoverse.com/event-static-hoyowiki-admin/2026/06/05/7fced903c930ab16fd333755c1aef7e9_9169127423158726160.png,Characters/洛恩_10623.png,PNG,image/png,256,256,91322,559e0c4b786b5abbc2e87bf91583136a22a59679a0e6eca7569639b0804ad75d,,success,
character_avatar,尼可,10622,https://wiki.hoyolab.com/pc/genshin/entry/10622?lang=zh-cn,https://act-webstatic.hoyoverse.com/event-static-hoyowiki-admin/2026/05/18/5e875ee63bca70ebeda64e6fa409d31b_5921156294699298125.png,Characters/尼可_10622.png,PNG,image/png,256,256,94024,4b3c4f1fc480f3e40280e7d15f671cf1cddd4b0e193b1bf215b2f20bced91c0e,,success,
character_avatar,莉奈娅,10412,https://wiki.hoyolab.com/pc/genshin/entry/10412?lang=zh-cn,https://act-webstatic.hoyoverse.com/event-static-hoyowiki-admin/2026/04/03/b73622caa3750012312c72437295ace3_6973976776946504804.png,Characters/莉奈娅_10412.png,PNG,image/png,256,256,105426,f8f3c5920b5d162324a644634f71d2ea7e67eaed26138a68209587ebcda369f0,,success,
character_avatar,法尔伽,9342,https://wiki.hoyolab.com/pc/genshin/entry/9342?lang=zh-cn,https://act-webstatic.hoyoverse.com/event-static-hoyowiki-admin/2026/02/21/553feb81c3bbc5e3bc69a765e157c33f_8250978205515428490.png,Characters/法尔伽_9342.png,PNG,image/png,256,256,97667,bd6dc5964b1a63f81c12e3717422fa3d4703330974008af6353550ab798e0b89,,success,
character_avatar,叶洛亚,9123,https://wiki.hoyolab.com/pc/genshin/entry/9123?lang=zh-cn,https://act-webstatic.hoyoverse.com/event-static-hoyowiki-admin/2026/01/29/d585407867aa47b4d925613cea9f00c2_5864597966579326880.png,Characters/叶洛亚_9123.png,PNG,image/png,256,256,79170,ce9c7715e3dacca078420d3e0420a6bcabd223359b3ecab263d8103119b918a7,,success,
character_avatar,兹白,9122,https://wiki.hoyolab.com/pc/genshin/entry/9122?lang=zh-cn,https://act-webstatic.hoyoverse.com/event-static-hoyowiki-admin/2026/01/29/72161f01ff431c9f099710f92c811454_1654176825175164246.png,Characters/兹白_9122.png,PNG,image/png,256,256,93581,1247831177f163bee3a1eb06f3fd4600c7694909ea22226cb4042fa6febf55be,,success,
character_avatar,哥伦比娅,9121,https://wiki.hoyolab.com/pc/genshin/entry/9121?lang=zh-cn,https://act-webstatic.hoyoverse.com/event-static-hoyowiki-admin/2026/01/13/80fa97679c8d1828fdd96c6aa9638632_4327573591148809640.png,Characters/哥伦比娅_9121.png,PNG,image/png,256,256,98670,bd22310bde257c57d5e0c311c8494eebc5ffd48b7fdcee10c230fd859e28072e,,success,
character_avatar,雅珂达,9018,https://wiki.hoyolab.com/pc/genshin/entry/9018?lang=zh-cn,https://act-webstatic.hoyoverse.com/event-static-hoyowiki-admin/2025/12/01/19708bac6eba4779a70908bf0bee70b1_1653339605275422455.png,Characters/雅珂达_9018.png,PNG,image/png,256,256,90901,543c81c8d3bfefeee2b68c742191a57df39efa0313c484cf00ca43bd02901419,,success,
character_avatar,杜林,9017,https://wiki.hoyolab.com/pc/genshin/entry/9017?lang=zh-cn,https://act-webstatic.hoyoverse.com/event-static-hoyowiki-admin/2025/11/28/e3e2b8fcbff2f2f3cdcec6bbf04efa84_3327367670955368711.png,Characters/杜林_9017.png,PNG,image/png,256,256,95723,0f8ecbd871ee6f520c9fac3b4321bfe63c038751191c6d93e59553c5e95b5eaa,,success,
character_avatar,奈芙尔,8894,https://wiki.hoyolab.com/pc/genshin/entry/8894?lang=zh-cn,https://act-webstatic.hoyoverse.com/event-static-hoyowiki-admin/2025/10/21/7557acebcb72b4d9912bcb0e6c92306a_3655566527985254987.png,Characters/奈芙尔_8894.png,PNG,image/png,256,256,92825,134c9cd3bda3673bd25a084ca226b1118e6139256f39ab2e8f255e530eb66e5d,,success,
character_avatar,菲林斯,8398,https://wiki.hoyolab.com/pc/genshin/entry/8398?lang=zh-cn,https://act-webstatic.hoyoverse.com/event-static-hoyowiki-admin/2025/09/26/4ac47a285a0abaada08f3216bdd22b0e_7846853832529267058.png,Characters/菲林斯_8398.png,PNG,image/png,256,256,89330,def7f88c3a469c39a8e331ccd85ea46011c1c66a525be4059f87c1901a21f3a4,,success,
character_avatar,爱诺,8397,https://wiki.hoyolab.com/pc/genshin/entry/8397?lang=zh-cn,https://act-webstatic.hoyoverse.com/event-static-hoyowiki-admin/2025/09/09/4e58c851d6c947865026faa168db83bd_3944254802105067377.png,Characters/爱诺_8397.png,PNG,image/png,256,256,92961,6d0d39fcddf05e7d79ab8225c6117369b951290b43b9d29d7049b93f797fd296,,success,
character_avatar,菈乌玛,8396,https://wiki.hoyolab.com/pc/genshin/entry/8396?lang=zh-cn,https://act-webstatic.hoyoverse.com/event-static-hoyowiki-admin/2025/09/08/b06e9ff48d57de4856f1a05b1199aae1_8565150401481594895.png,Characters/菈乌玛_8396.png,PNG,image/png,256,256,90284,dc59c234af27d6c387f968c06cbd40263bd34f30ac75bc6b2f045d9cad79c4df,,success,
character_avatar,伊涅芙,7852,https://wiki.hoyolab.com/pc/genshin/entry/7852?lang=zh-cn,https://act-webstatic.hoyoverse.com/event-static-hoyowiki-admin/2025/07/28/7c221918444852e9a3c2ad609ccacea2_8687518447126752117.png,Characters/伊涅芙_7852.png,PNG,image/png,256,256,86409,4fc924b7a1852c4a96486f8792ecbed8b903d6067dcb070637926b621b71c38b,,success,
character_avatar,塔利雅,7707,https://wiki.hoyolab.com/pc/genshin/entry/7707?lang=zh-cn,https://act-webstatic.hoyoverse.com/event-static-hoyowiki-admin/2025/06/16/255dedc5048565aec2c5af510c6f74a5_7726536808309970424.png,Characters/塔利雅_7707.png,PNG,image/png,256,256,76296,46f6aa0f7b17242cd973bf027e71c71a04d4de5df89aeae61dad8b9e67f34bfb,,success,
character_avatar,丝柯克,7706,https://wiki.hoyolab.com/pc/genshin/entry/7706?lang=zh-cn,https://act-webstatic.hoyoverse.com/event-static-hoyowiki-admin/2025/06/16/48dba0c10560a3ef573f17d97408b5a0_2527001828446746987.png,Characters/丝柯克_7706.png,PNG,image/png,256,256,96254,d93cbe0bb923cd197a99a582de5728e84abeb17ca306fffadd16fd4fb3f6c828,,success,
character_avatar,伊法,7627,https://wiki.hoyolab.com/pc/genshin/entry/7627?lang=zh-cn,https://act-webstatic.hoyoverse.com/event-static-hoyowiki-admin/2025/04/30/ce693d1e36aef5936b2d2db006605fc4_9036718103340803450.png,Characters/伊法_7627.png,PNG,image/png,256,256,96437,17b4931649dad29602bcf4017bdc78a4c927e9fbff15d72cd3585755abfbd096,,success,
character_avatar,爱可菲,7624,https://wiki.hoyolab.com/pc/genshin/entry/7624?lang=zh-cn,https://act-webstatic.hoyoverse.com/event-static-hoyowiki-admin/2025/04/30/ddbc128157d69479f61747f0918f9e72_2470321636402108639.png,Characters/爱可菲_7624.png,PNG,image/png,256,256,95532,20fd7e43a73dbfa472f36f8a5a9b913efe7e707f0f2acdec25f3264ce28b6921,,success,
character_avatar,伊安珊,7502,https://wiki.hoyolab.com/pc/genshin/entry/7502?lang=zh-cn,https://act-webstatic.hoyoverse.com/event-static-hoyowiki-admin/2025/03/25/dd9a200a86b792fb1b73ef1ee7de0911_2097378734184941134.png,Characters/伊安珊_7502.png,PNG,image/png,256,256,87930,be1e301a0aaaa5b93acc59e52c2a10434e8ca87eb80d4470b93ee1e6e2e162ab,,success,
character_avatar,瓦雷莎,7488,https://wiki.hoyolab.com/pc/genshin/entry/7488?lang=zh-cn,https://act-webstatic.hoyoverse.com/event-static-hoyowiki-admin/2025/03/25/a54efe1bb7e82a589b9af44683a696ca_8635138146175164187.png,Characters/瓦雷莎_7488.png,PNG,image/png,256,256,115278,167d9a6c15c394ceb8f978b25c95ee9fbff792c1a2332d05d73be30bb99f3527,,success,
character_avatar,梦见月瑞希,7420,https://wiki.hoyolab.com/pc/genshin/entry/7420?lang=zh-cn,https://act-webstatic.hoyoverse.com/event-static-hoyowiki-admin/2025/02/08/11662c12fb353d88bd2b20a2726c9f1c_8013472600677983943.png,Characters/梦见月瑞希_7420.png,PNG,image/png,256,256,110439,9d6cd4802bec363a1670f67686668ba66211b42220bc23e14e46429d742dcb6e,,success,
character_avatar,旅行者（火）,7306,https://wiki.hoyolab.com/pc/genshin/entry/7306?lang=zh-cn,https://act-upload.hoyoverse.com/event-ugc-hoyowiki/2025/01/05/157749474/75bb898fe1c3b4ed29a2931829ddb845_998097527747088629.png,Characters/旅行者（火）_7306.png,PNG,image/png,501,501,377644,beb836396ea5fd8c34de90d05cd51e8fc8f59135a165f73cab1e95ace9c811bf,,success,
character_avatar,蓝砚,7301,https://wiki.hoyolab.com/pc/genshin/entry/7301?lang=zh-cn,https://act-webstatic.hoyoverse.com/event-static-hoyowiki-admin/2025/01/17/02a299cec38b4ef4f21952c37a624258_5744396397316809821.png,Characters/蓝砚_7301.png,PNG,image/png,256,256,92230,fbd04d7036826069564d41edfb493d2ba0981afb4ff05708b3708dbf3d119c65,,success,
character_avatar,茜特菈莉,7300,https://wiki.hoyolab.com/pc/genshin/entry/7300?lang=zh-cn,https://act-webstatic.hoyoverse.com/event-static-hoyowiki-admin/2024/12/27/c4ab2530bb8bbe3c0e811684f97ec124_6688582217610741079.png,Characters/茜特菈莉_7300.png,PNG,image/png,256,256,100722,e83fc7fd9f4200d6d43fe7cbbdc918a942e900f7b8f1f40e46ae84a1e0a2aaca,,success,
character_avatar,玛薇卡,7299,https://wiki.hoyolab.com/pc/genshin/entry/7299?lang=zh-cn,https://act-webstatic.hoyoverse.com/event-static-hoyowiki-admin/2024/12/30/2f098b1f15854fd9dafc54998795a59e_864981592196815761.png,Characters/玛薇卡_7299.png,PNG,image/png,256,256,113188,2997c2cca73ab9aa0cad9e232f1579ae22af4387b3c77eb416b392922c0ad99e,,success,
character_avatar,恰斯卡,7080,https://wiki.hoyolab.com/pc/genshin/entry/7080?lang=zh-cn,https://act-webstatic.hoyoverse.com/event-static-hoyowiki-admin/2024/11/18/abe1192cc7aad45f6b273478dd5fa88a_4799372826012752249.png,Characters/恰斯卡_7080.png,PNG,image/png,256,256,126521,19bddaea1337aafae7a0909372f9bea5e8fdfc922424b656658deaaec8fcbc3c,,success,
character_avatar,欧洛伦,7079,https://wiki.hoyolab.com/pc/genshin/entry/7079?lang=zh-cn,https://act-webstatic.hoyoverse.com/event-static-hoyowiki-admin/2024/11/18/e4830690f8b6a1ebb02cfbc8ce955671_8091252479018770784.png,Characters/欧洛伦_7079.png,PNG,image/png,256,256,115283,06da65f450f282eedb7972bf243e0b913656b89cc3a6f25dd895ad13bc5df046,,success,
character_avatar,希诺宁,6924,https://wiki.hoyolab.com/pc/genshin/entry/6924?lang=zh-cn,https://act-webstatic.hoyoverse.com/event-static-hoyowiki-admin/2024/09/25/b07074c2b9040516fd240b6b8d65c011_2487211347344319683.png,Characters/希诺宁_6924.png,PNG,image/png,256,256,117269,fe6058b88037265f46b18b703da008910b6278a8a1533e73c6d7374e25fc2ffe,,success,
character_avatar,玛拉妮,6319,https://wiki.hoyolab.com/pc/genshin/entry/6319?lang=zh-cn,https://act-webstatic.hoyoverse.com/event-static-hoyowiki-admin/2024/08/26/f4c75caad42923eb91ee760aa2eb473a_7439123622315070718.png,Characters/玛拉妮_6319.png,PNG,image/png,256,256,86995,6bec3b301975382cecca8461a3d32f7b2e95905fba17db35400dbf4866a61276,,success,
character_avatar,卡齐娜,6318,https://wiki.hoyolab.com/pc/genshin/entry/6318?lang=zh-cn,https://act-webstatic.hoyoverse.com/event-static-hoyowiki-admin/2024/08/23/26925adb1092d29c8afdf46d92fad8bd_343637410022641529.png,Characters/卡齐娜_6318.png,PNG,image/png,256,256,101778,5a3a5c4f45006faa3776ed2c9283a6c9ea0d34684b37c8a93ad15fd3581509a6,,success,
character_avatar,基尼奇,6317,https://wiki.hoyolab.com/pc/genshin/entry/6317?lang=zh-cn,https://act-webstatic.hoyoverse.com/event-static-hoyowiki-admin/2024/09/12/0099e74b4d0c919f6feab4bade3ab748_5795733017114624391.png,Characters/基尼奇_6317.png,PNG,image/png,256,256,86424,f1932b438c9079a47a2f00b4f8d05767f70445274b20889e6b4bec8d3a08c8ad,,success,
character_avatar,艾梅莉埃,5714,https://wiki.hoyolab.com/pc/genshin/entry/5714?lang=zh-cn,https://act-webstatic.hoyoverse.com/event-static-hoyowiki-admin/2024/07/31/87ad30965e0c1b45364fdccc51b3429d_6108610286145583716.png,Characters/艾梅莉埃_5714.png,PNG,image/png,256,256,110429,519d73fb0c1e7114526e7084c608170e4f1916af306b69df57f9b89f26c8c184,,success,
character_avatar,赛索斯,5598,https://wiki.hoyolab.com/pc/genshin/entry/5598?lang=zh-cn,https://act-webstatic.hoyoverse.com/event-static-hoyowiki-admin/2024/05/30/cdb7abfcb86138e5b618946a5466d442_2702695812908100899.png,Characters/赛索斯_5598.png,PNG,image/png,256,256,93205,d3e779551e7a4b18a7df8f0124a41d1d6240c17f57d924c5534259f8b7614c70,,success,
character_avatar,希格雯,5597,https://wiki.hoyolab.com/pc/genshin/entry/5597?lang=zh-cn,https://act-webstatic.hoyoverse.com/event-static-hoyowiki-admin/2024/06/21/2d607aa4d729030ea04f79919257e311_5566730974573110495.png,Characters/希格雯_5597.png,PNG,image/png,256,256,101157,8ef32b4904c4263544d3683a0f4907b119bd6ebaee737667c2885aad262cf572,,success,
character_avatar,克洛琳德,5596,https://wiki.hoyolab.com/pc/genshin/entry/5596?lang=zh-cn,https://act-webstatic.hoyoverse.com/event-static-hoyowiki-admin/2024/05/29/770a66030815971c697ab81bc5436329_8660717987969952036.png,Characters/克洛琳德_5596.png,PNG,image/png,256,256,102162,d0de8e1e514a878dc45ff26645a4a111f677f00611b667b8aa92a0ee828bfdf7,,success,
character_avatar,阿蕾奇诺,5149,https://wiki.hoyolab.com/pc/genshin/entry/5149?lang=zh-cn,https://act-upload.hoyoverse.com/event-ugc-hoyowiki/2024/04/22/288375639/672e65470bfd14b664596c2a7f7eaaf8_5412838098707901077.png,Characters/阿蕾奇诺_5149.png,PNG,image/png,256,256,138238,de0a6c262fb409527ce3fa85494804172e30ad6e7271d783d836cc18d39f944e,,success,
character_avatar,千织,4946,https://wiki.hoyolab.com/pc/genshin/entry/4946?lang=zh-cn,https://act-upload.hoyoverse.com/event-ugc-hoyowiki/2024/03/13/327628065/5470f90694af13476e49be7b8346e2b1_6630102441704406313.png,Characters/千织_4946.png,PNG,image/png,256,256,91250,6a4ed991e8d43e30f7209b70be711c82458617a0ca955e733e0358075d02f71a,,success,
character_avatar,嘉明,4775,https://wiki.hoyolab.com/pc/genshin/entry/4775?lang=zh-cn,https://act-upload.hoyoverse.com/event-ugc-hoyowiki/2024/01/30/157749474/b041ad23a9d6245efac952a9379c5114_6463987289993541938.png,Characters/嘉明_4775.png,PNG,image/png,256,256,87300,c1677779ff382554674637d14c508b241112adc32d72595c5148ad139460f30d,,success,
character_avatar,闲云,4774,https://wiki.hoyolab.com/pc/genshin/entry/4774?lang=zh-cn,https://act-upload.hoyoverse.com/event-ugc-hoyowiki/2024/01/30/157749474/2c2be27f8876e9435ab8c8b933b8408c_1095051365963510492.png,Characters/闲云_4774.png,PNG,image/png,256,256,91963,5250cd226cec610588e0cc23e79473403abc3e684a7bf1f71ff012339a93119d,,success,
character_avatar,夏沃蕾,4577,https://wiki.hoyolab.com/pc/genshin/entry/4577?lang=zh-cn,https://act-upload.hoyoverse.com/event-ugc-hoyowiki/2024/01/05/157749474/a846729f31f16a987a8696466ebabcc0_1362461991746678705.png,Characters/夏沃蕾_4577.png,PNG,image/png,256,256,101222,e03666f005b0b87bbcc002634a3320d311c2add2a52b840985bdcd97771811ed,,success,
character_avatar,娜维娅,4576,https://wiki.hoyolab.com/pc/genshin/entry/4576?lang=zh-cn,https://act-upload.hoyoverse.com/event-ugc-hoyowiki/2023/12/18/157749474/3fc7580c01a9e622692402889706c4db_5947318585221804911.png,Characters/娜维娅_4576.png,PNG,image/png,256,256,123962,1f316221a2fb0fb8ce4118fb63adb1a537d2e00dd0cdf0b1bd20299dc1379217,,success,
character_avatar,夏洛蒂,4377,https://wiki.hoyolab.com/pc/genshin/entry/4377?lang=zh-cn,https://upload-static.hoyoverse.com/hoyolab-wiki/2023/11/10/82021897/7bbbff3f35661a93b5091b1f17fae6c0_2019382018674186744.png,Characters/夏洛蒂_4377.png,PNG,image/png,256,256,91544,427adb8a20094eb1de339a438d9433f4a5846a7231aa917df42f5b41faafce98,,success,
character_avatar,芙宁娜,4376,https://wiki.hoyolab.com/pc/genshin/entry/4376?lang=zh-cn,https://upload-static.hoyoverse.com/hoyolab-wiki/2023/11/08/82021897/263e5ea0784d182b393f67a7e24146a5_6981067474733565531.png,Characters/芙宁娜_4376.png,PNG,image/png,256,256,105330,21e63beccfa7312dc79d1fbded715eb70d018a6bcf7c9600a2c4c3225054875b,,success,
character_avatar,那维莱特,4023,https://wiki.hoyolab.com/pc/genshin/entry/4023?lang=zh-cn,https://upload-static.hoyoverse.com/hoyolab-wiki/2023/09/26/82021897/0513aa7f482dbb4778545d02f94956fe_1047429983773179553.png,Characters/那维莱特_4023.png,PNG,image/png,256,256,96903,3a429e2a370b70d0e6df05f17f2a58f5f62b05aceb47b7dfa294da93e6c5c745,,success,
character_avatar,莱欧斯利,4022,https://wiki.hoyolab.com/pc/genshin/entry/4022?lang=zh-cn,https://upload-static.hoyoverse.com/hoyolab-wiki/2023/10/18/88072335/31a0eb2dec5d69ca8dd7616572136b8b_5109482345216622141.png,Characters/莱欧斯利_4022.png,PNG,image/png,256,256,90527,c16eb70d63387cdeb40dd9bf09476c20e3e61b0d45ca5f36ce06399d4c9c4c74,,success,
character_avatar,旅行者（水）,3997,https://wiki.hoyolab.com/pc/genshin/entry/3997?lang=zh-cn,https://upload-static.hoyoverse.com/hoyolab-wiki/2023/08/18/88072335/75bb898fe1c3b4ed29a2931829ddb845_3211711593913715439.png,Characters/旅行者（水）_3997.png,PNG,image/png,501,501,377644,beb836396ea5fd8c34de90d05cd51e8fc8f59135a165f73cab1e95ace9c811bf,Characters/旅行者（火）_7306.png,success,
character_avatar,菲米尼,3964,https://wiki.hoyolab.com/pc/genshin/entry/3964?lang=zh-cn,https://upload-static.hoyoverse.com/hoyolab-wiki/2023/09/06/88072335/8e44111a378f4e5379b8e7444e8c2daa_1353282180327041570.png,Characters/菲米尼_3964.png,PNG,image/png,256,256,87627,e96c220326c70016220d9e4cfed298363378762ca66d44024493a8f27c8b4355,,success,
character_avatar,林尼,3963,https://wiki.hoyolab.com/pc/genshin/entry/3963?lang=zh-cn,https://upload-static.hoyoverse.com/hoyolab-wiki/2023/08/16/47826599/e343d4442cc3b8e243f0d528bb715f75_405136286334844173.png,Characters/林尼_3963.png,PNG,image/png,256,256,81399,abf5008949d93017fbed8d07a36f3ad0c8aa357db4b90804bd107e0113b8cc59,,success,
character_avatar,琳妮特,3962,https://wiki.hoyolab.com/pc/genshin/entry/3962?lang=zh-cn,https://upload-static.hoyoverse.com/hoyolab-wiki/2023/08/16/47826599/436e6f2b9b9006bfe511a98093259daf_7341100649284369969.png,Characters/琳妮特_3962.png,PNG,image/png,256,256,88083,f7e3e4c243d31c320d87533c110b617969e72b6d671900a12b89f9cee365f708,,success,
character_avatar,绮良良,3719,https://wiki.hoyolab.com/pc/genshin/entry/3719?lang=zh-cn,https://upload-static.hoyoverse.com/hoyolab-wiki/2023/05/23/47826599/d1699810632f8c3bc8c1e8c8beb8250f_2564441580954160240.png,Characters/绮良良_3719.png,PNG,image/png,256,256,101819,c0dd6d9aee2ac3515fbc20a08a20fdea19ed27cf0e7b8777d0f147fa123985d0,,success,
character_avatar,白术,3609,https://wiki.hoyolab.com/pc/genshin/entry/3609?lang=zh-cn,https://upload-static.hoyoverse.com/hoyolab-wiki/2023/05/01/47826599/05599650d7f42e1c4adde373de6b297d_4873662825334979880.png,Characters/白术_3609.png,PNG,image/png,256,256,93986,96808934b940a5767f7fc22871c0e62b902518866c571817291bd01ffebb979e,,success,
character_avatar,卡维,3608,https://wiki.hoyolab.com/pc/genshin/entry/3608?lang=zh-cn,https://upload-static.hoyoverse.com/hoyolab-wiki/2023/05/01/47826599/2270aba02b92034d7d76b4426be8f53b_3150066710540343521.png,Characters/卡维_3608.png,PNG,image/png,256,256,96344,1d50b4ef778ede39802f47218f854bf92ed116d1503d706719cca90ace53d5b6,,success,
character_avatar,迪希雅,3463,https://wiki.hoyolab.com/pc/genshin/entry/3463?lang=zh-cn,https://upload-static.hoyoverse.com/hoyolab-wiki/2023/02/27/47826599/65b22311e1e38ffa45a4928d4005ecee_4020951604018642842.png,Characters/迪希雅_3463.png,PNG,image/png,256,256,98262,63d8a8e5f9f20421eda3dafaedc62d2b9d7fe2d8e76180070d5140a52fd0d26d,,success,
character_avatar,米卡,3462,https://wiki.hoyolab.com/pc/genshin/entry/3462?lang=zh-cn,https://upload-static.hoyoverse.com/hoyolab-wiki/2023/03/20/47826599/da13e3b1a2c6c0e5892b201cec735f9b_1268190137665516330.png,Characters/米卡_3462.png,PNG,image/png,256,256,90818,48c7ba68490283074d2fd2070e47e4688235fa0bf0d69884cb94e233bfcc1cd0,,success,
character_avatar,艾尔海森,3336,https://wiki.hoyolab.com/pc/genshin/entry/3336?lang=zh-cn,https://upload-static.hoyoverse.com/hoyolab-wiki/2023/01/17/47826599/25249dd20b86c775fb35bdbbd805d9ec_8728328065423189518.png,Characters/艾尔海森_3336.png,PNG,image/png,256,256,95332,577ff5e3b916b4b27aa758bba626b4ea2e8c6f648f736d176842112fde0fce34,,success,
character_avatar,瑶瑶,3335,https://wiki.hoyolab.com/pc/genshin/entry/3335?lang=zh-cn,https://upload-static.hoyoverse.com/hoyolab-wiki/2023/01/18/47826599/5bc9df1fb67391e4c8080da3d855de53_1068083666965189960.png,Characters/瑶瑶_3335.png,PNG,image/png,256,256,96452,ae5313aeb960dbc6d45405bd96db86533d1de15cb0e8a935b0e3e079c9e83285,,success,
character_avatar,流浪者,2968,https://wiki.hoyolab.com/pc/genshin/entry/2968?lang=zh-cn,https://upload-static.hoyoverse.com/hoyolab-wiki/2022/12/06/36540823/24d97a22be742fb732ea96f625d1faac_8403570345904252714.png,Characters/流浪者_2968.png,PNG,image/png,256,256,88179,108c3ec5128ea25f8bbab7ac49824e0aa509af0e83b569e327c3ac26eb014e4d,,success,
character_avatar,珐露珊,2967,https://wiki.hoyolab.com/pc/genshin/entry/2967?lang=zh-cn,https://upload-static.hoyoverse.com/hoyolab-wiki/2022/12/06/47826599/38c12ab46678a4008f83a0e46c900ef5_8882167319536551047.png,Characters/珐露珊_2967.png,PNG,image/png,256,256,101334,20974bdc74323e2050e117b174b31149cbd0bb14038144c2723b32f99d57e102,,success,
character_avatar,莱依拉,2859,https://wiki.hoyolab.com/pc/genshin/entry/2859?lang=zh-cn,https://upload-static.hoyoverse.com/hoyolab-wiki/2022/11/01/47826599/48a495acadaf37f12d0a7f653d85bd83_2737945499491086468.png,Characters/莱依拉_2859.png,PNG,image/png,256,256,89304,281a53495dc20c3b70597e7bd97afc409b5385e5e2f30e21fda807730fdf84ae,,success,
character_avatar,纳西妲,2850,https://wiki.hoyolab.com/pc/genshin/entry/2850?lang=zh-cn,https://upload-static.hoyoverse.com/hoyolab-wiki/2022/11/01/47826599/f29490bddc56b4a6773b6c5003bbb853_9178865138637843993.png,Characters/纳西妲_2850.png,PNG,image/png,256,256,117770,923a834c8bdf412adf6005bedcd7293dcd3ff0bb1afdd93075e9cb64d096316a,,success,
character_avatar,坎蒂丝,2815,https://wiki.hoyolab.com/pc/genshin/entry/2815?lang=zh-cn,https://upload-static.hoyoverse.com/hoyolab-wiki/2022/09/28/47826599/2f43da4ece9eabfbde6ec2fcc81b3bff_2875120016696416193.png,Characters/坎蒂丝_2815.png,PNG,image/png,256,256,90298,d06ac69bfd75c2be2e4faa2289a0f67b358302143cbbaaba52b5bfa18307fd0b,,success,
character_avatar,赛诺,2813,https://wiki.hoyolab.com/pc/genshin/entry/2813?lang=zh-cn,https://upload-static.hoyoverse.com/hoyolab-wiki/2022/09/27/47826599/e09e2bda5e022611fad0dea1bb6518bb_1417979140564899210.png,Characters/赛诺_2813.png,PNG,image/png,256,256,91429,b7917fe0161b9880f781f5770efbd05d82dfee487a70529b4cf95e55003c4c3f,,success,
character_avatar,妮露,2812,https://wiki.hoyolab.com/pc/genshin/entry/2812?lang=zh-cn,https://upload-static.hoyoverse.com/hoyolab-wiki/2022/10/09/36540823/586d726f9ebda3506c78beaaa41f13b6_4307521711219397209.png,Characters/妮露_2812.png,PNG,image/png,256,256,101508,e366910045ddd2447e90f92108fc5e30c22de53e970005bd6a8c278cd42952c4,,success,
character_avatar,旅行者（草）,2674,https://wiki.hoyolab.com/pc/genshin/entry/2674?lang=zh-cn,https://upload-static.hoyoverse.com/hoyolab-wiki/2022/08/23/169177528/04f769b0b1671b5ffbbafefd7286b4b2_8705989835434741194.png,Characters/旅行者（草）_2674.png,PNG,image/png,501,501,393502,2563b1aa9af2fe9053362f5832223360ab359d8a98e71da04276725fac11de7d,,success,
character_avatar,多莉,2269,https://wiki.hoyolab.com/pc/genshin/entry/2269?lang=zh-cn,https://upload-static.hoyoverse.com/hoyolab-wiki/2022/08/24/47826599/6539bea71efd0f839db897cfc4094362_6098603835101164577.png,Characters/多莉_2269.png,PNG,image/png,256,256,105298,95924556fd08f104e43951291687c9711fa11b2c227f94657892ba8a9ca04edf,,success,
character_avatar,柯莱,2268,https://wiki.hoyolab.com/pc/genshin/entry/2268?lang=zh-cn,https://upload-static.hoyoverse.com/hoyolab-wiki/2022/08/24/47826599/37a18b6b6865c59063003a9380f08225_1063887604480584973.png,Characters/柯莱_2268.png,PNG,image/png,256,256,93812,a6d80e066529bfaf68e10333e73fdcc65ec85fca680aca276f60729c423bc54c,,success,
character_avatar,提纳里,2265,https://wiki.hoyolab.com/pc/genshin/entry/2265?lang=zh-cn,https://upload-static.hoyoverse.com/hoyolab-wiki/2022/08/23/47826599/d039c6da9285163f46b85f0241f29c17_4850179515894860705.png,Characters/提纳里_2265.png,PNG,image/png,256,256,93731,62cec4776702ef27770bbb748a2b6a13c04cf28e65f6dfa6a571c9c02a52ba22,,success,
character_avatar,鹿野院平藏,2263,https://wiki.hoyolab.com/pc/genshin/entry/2263?lang=zh-cn,https://act-upload.hoyoverse.com/event-ugc-hoyowiki/2024/05/22/327628065/e9050c371f827cbe228e7aa24b2de422_5959893409167164118.png,Characters/鹿野院平藏_2263.png,PNG,image/png,256,256,85941,ac64038cdb6019d62a7e5fd74b7772999d720f66ff18fa647e13aae7775c98c5,,success,
character_avatar,久岐忍,2256,https://wiki.hoyolab.com/pc/genshin/entry/2256?lang=zh-cn,https://act-upload.hoyoverse.com/event-ugc-hoyowiki/2024/05/22/327628065/9078fcb33f27896df29f7017e5da9b50_4656265182889713605.png,Characters/久岐忍_2256.png,PNG,image/png,256,256,104103,d22d2541fcdc7bb1ff005a375c9148446e01bcc4d30c8612e051a4bc4e354718,,success,
character_avatar,夜兰,2252,https://wiki.hoyolab.com/pc/genshin/entry/2252?lang=zh-cn,https://act-upload.hoyoverse.com/event-ugc-hoyowiki/2024/05/22/327628065/3aac1871091d8d5618ada9be534866a9_4537357081989348015.png,Characters/夜兰_2252.png,PNG,image/png,256,256,74768,4cfb6dfa124aa8d6719256fb681b71b1239a3e0b3652a7abe9c4af4ffb6f71bb,,success,
character_avatar,魈,51,https://wiki.hoyolab.com/pc/genshin/entry/51?lang=zh-cn,https://act-upload.hoyoverse.com/event-ugc-hoyowiki/2024/05/22/327628065/94d2d8d0ed1cecf7f5159fef61bf3901_6927296500238988271.png,Characters/魈_51.png,PNG,image/png,256,256,88989,ff3ffff31654f5e41e724fee6f866df49fff2a7b5b41d1561a6bf50f5cca1ba9,,success,
character_avatar,香菱,50,https://wiki.hoyolab.com/pc/genshin/entry/50?lang=zh-cn,https://act-upload.hoyoverse.com/event-ugc-hoyowiki/2024/05/22/327628065/df3327f02795e541b17b6a2d91a6b51d_6188115182942203289.png,Characters/香菱_50.png,PNG,image/png,256,256,74617,a4088b736f50dff5352dfb67eab7701941932f880067eef2f557fc695a431185,,success,
character_avatar,雷电将军,49,https://wiki.hoyolab.com/pc/genshin/entry/49?lang=zh-cn,https://act-upload.hoyoverse.com/event-ugc-hoyowiki/2024/07/31/59155606/2669f7bf2fdea7ccf0a4aa7ac9f250b2_5238393928427496168.png,Characters/雷电将军_49.png,PNG,image/png,256,256,100011,3ffb9c0eb21aa527ed443dcff09ef819c70b10bf85f5105650f86de686d66302,,success,
character_avatar,雷泽,48,https://wiki.hoyolab.com/pc/genshin/entry/48?lang=zh-cn,https://act-upload.hoyoverse.com/event-ugc-hoyowiki/2024/05/22/327628065/9861f3d359e856d845a81195c0e879e5_3359952789543721625.png,Characters/雷泽_48.png,PNG,image/png,256,256,77623,daae789ab0b07b230a394cefd43235905bdae8cda4e901584d609b4f35cfc060,,success,
character_avatar,阿贝多,47,https://wiki.hoyolab.com/pc/genshin/entry/47?lang=zh-cn,https://act-upload.hoyoverse.com/event-ugc-hoyowiki/2024/05/22/327628065/b71663c01dc525a09e5591522d2d7943_625618156455509442.png,Characters/阿贝多_47.png,PNG,image/png,256,256,94151,4176fc65f9bb638912f1a3badd782cd0ab44c76882397c58c16a9cedb11bfc21,,success,
character_avatar,钟离,46,https://wiki.hoyolab.com/pc/genshin/entry/46?lang=zh-cn,https://act-upload.hoyoverse.com/event-ugc-hoyowiki/2024/05/22/327628065/95b4b908502d2ab048428734f37ad3a2_212527091962952135.png,Characters/钟离_46.png,PNG,image/png,256,256,82680,e7050612488291042494663c3058e2c405ecb021d4c46babf8b015b1e820e51d,,success,
character_avatar,重云,45,https://wiki.hoyolab.com/pc/genshin/entry/45?lang=zh-cn,https://act-upload.hoyoverse.com/event-ugc-hoyowiki/2024/05/22/327628065/d8a24efe466937cb6afb4d0bcf73443e_6270411211755104374.png,Characters/重云_45.png,PNG,image/png,256,256,78484,e021a35f37a4be361b92c3f823a76e22fbbbe594ae1f4ba8180671c79bf1cb66,,success,
character_avatar,迪奥娜,44,https://wiki.hoyolab.com/pc/genshin/entry/44?lang=zh-cn,https://act-upload.hoyoverse.com/event-ugc-hoyowiki/2024/05/22/327628065/81f0600dbc63d66f4d6eef50b92212eb_4852842927779013983.png,Characters/迪奥娜_44.png,PNG,image/png,256,256,88931,f21b72181abc173fbaafc1bf33ede655b342c7f7d3b2c214e78f331b083b122d,,success,
character_avatar,迪卢克,43,https://wiki.hoyolab.com/pc/genshin/entry/43?lang=zh-cn,https://act-upload.hoyoverse.com/event-ugc-hoyowiki/2024/05/22/327628065/c284c60a2d3817334cc8b89e7f90a0be_2406604934521867494.png,Characters/迪卢克_43.png,PNG,image/png,256,256,92811,87870285f7c5d5488a3be42d03d40cb36b3b3fa80f91ffaa4a74f7260c57e8ca,,success,
character_avatar,达达利亚,42,https://wiki.hoyolab.com/pc/genshin/entry/42?lang=zh-cn,https://act-upload.hoyoverse.com/event-ugc-hoyowiki/2024/05/22/327628065/ce21cae48f37c74c8d1b6dbf7cba12af_5381207521325198571.png,Characters/达达利亚_42.png,PNG,image/png,256,256,101255,46d350dad3ca62ef836968e466c3326dd56c2a2ccb66cda5331b71ae202a7df6,,success,
character_avatar,辛焱,41,https://wiki.hoyolab.com/pc/genshin/entry/41?lang=zh-cn,https://act-upload.hoyoverse.com/event-ugc-hoyowiki/2024/05/22/327628065/d22f27d581f7ce011e84d03828e16259_5911667195645727594.png,Characters/辛焱_41.png,PNG,image/png,256,256,103667,e512b3afd252051bfc94893d285d7c9dd364e9dcda2cafed6b7c0638eb074fe9,,success,
character_avatar,诺艾尔,40,https://wiki.hoyolab.com/pc/genshin/entry/40?lang=zh-cn,https://act-upload.hoyoverse.com/event-ugc-hoyowiki/2024/05/22/327628065/c6170d2c621267f83532970e6f3f0599_4882371738469746329.png,Characters/诺艾尔_40.png,PNG,image/png,256,256,103984,eeafc449127efcd98fdedf52eae6f5074c8bfdedfe770c52d7029f245eb08325,,success,
character_avatar,行秋,39,https://wiki.hoyolab.com/pc/genshin/entry/39?lang=zh-cn,https://act-upload.hoyoverse.com/event-ugc-hoyowiki/2024/05/22/327628065/7a14ab5d2ffc8e31daa94dac4e6f036f_4054452378806421334.png,Characters/行秋_39.png,PNG,image/png,256,256,70737,61d93e838999a2154bbea6ce3417d674b7d81ebf64c88486965dabad1cb3f015,,success,
character_avatar,菲谢尔,38,https://wiki.hoyolab.com/pc/genshin/entry/38?lang=zh-cn,https://act-upload.hoyoverse.com/event-ugc-hoyowiki/2024/05/22/327628065/caac48b6dc1ae628770c08819c49a096_4690223315810427447.png,Characters/菲谢尔_38.png,PNG,image/png,256,256,92207,c327da402f322831db07fabc7c73a281b906d5f8013520956a04524969c0fec6,,success,
character_avatar,莫娜,37,https://wiki.hoyolab.com/pc/genshin/entry/37?lang=zh-cn,https://act-upload.hoyoverse.com/event-ugc-hoyowiki/2024/05/22/327628065/4de1d67e5aef5e50495c4b5208aa4acf_6537953813955190081.png,Characters/莫娜_37.png,PNG,image/png,256,256,123688,03bf5bd68026d36a98707721139d7f7c4ce1b09817359c35974f3d14ee361809,,success,
character_avatar,荒泷一斗,36,https://wiki.hoyolab.com/pc/genshin/entry/36?lang=zh-cn,https://act-upload.hoyoverse.com/event-ugc-hoyowiki/2024/05/22/327628065/831b304c0992a329a48f133c1318a3a8_4924365661986227971.png,Characters/荒泷一斗_36.png,PNG,image/png,256,256,106328,1369d607c1079f832fc88abdee5d470b54bd6f8288387d95ed4f82e1f7606d8b,,success,
character_avatar,芭芭拉,35,https://wiki.hoyolab.com/pc/genshin/entry/35?lang=zh-cn,https://act-upload.hoyoverse.com/event-ugc-hoyowiki/2024/05/22/327628065/bb74efb2a06b3bc511e6919cefcf4af6_6798297105610301514.png,Characters/芭芭拉_35.png,PNG,image/png,256,256,113018,8b545705309645f5f7ab41d7be09fa29a0f4cf91c0f716d7b70714d0d779e328,,success,
character_avatar,胡桃,34,https://wiki.hoyolab.com/pc/genshin/entry/34?lang=zh-cn,https://act-upload.hoyoverse.com/event-ugc-hoyowiki/2024/05/22/327628065/e3fed4c9df8745a0c1fa91e954fde2ad_4221141300460786892.png,Characters/胡桃_34.png,PNG,image/png,256,256,103845,63433228b284d259a123455b6592f5c3c629bbb1f80b5ac0bb5debc188973372,,success,
character_avatar,罗莎莉亚,33,https://wiki.hoyolab.com/pc/genshin/entry/33?lang=zh-cn,https://act-upload.hoyoverse.com/event-ugc-hoyowiki/2024/05/22/327628065/d6738afede9d238e1035a5b70d5f7332_3447459868788459339.png,Characters/罗莎莉亚_33.png,PNG,image/png,256,256,103339,0cc4a032dbb8e6936f7eba70a4b0e20b50c4b6d1486f9424c91a6dd8e1e59c4f,,success,
character_avatar,神里绫华,32,https://wiki.hoyolab.com/pc/genshin/entry/32?lang=zh-cn,https://act-upload.hoyoverse.com/event-ugc-hoyowiki/2024/05/22/327628065/da12098329a0b6e3cd09633b05ca49a3_3678956298189127693.png,Characters/神里绫华_32.png,PNG,image/png,256,256,71738,ece06c8652a09b7adb31ae794abf463631d8998263668a8cef26de0afda8127a,,success,
character_avatar,神里绫人,31,https://wiki.hoyolab.com/pc/genshin/entry/31?lang=zh-cn,https://act-upload.hoyoverse.com/event-ugc-hoyowiki/2024/05/22/327628065/23833594e42c33453ea978c6eaf2d2c9_8005358198230569547.png,Characters/神里绫人_31.png,PNG,image/png,256,256,94933,e21d9d6b974b4694392a387f529bb1a2831e1df281354e214cd6de38609cb951,,success,
character_avatar,砂糖,30,https://wiki.hoyolab.com/pc/genshin/entry/30?lang=zh-cn,https://act-upload.hoyoverse.com/event-ugc-hoyowiki/2024/05/22/327628065/c89e6cb0c50857edfd5ff438db3879de_3523850344623399779.png,Characters/砂糖_30.png,PNG,image/png,256,256,101631,be6697888fe683e17b019dd1ee7e64a300b2f31ee0e6814559f322441ecaa05b,,success,
character_avatar,申鹤,29,https://wiki.hoyolab.com/pc/genshin/entry/29?lang=zh-cn,https://act-upload.hoyoverse.com/event-ugc-hoyowiki/2024/05/22/327628065/4a04e90fd052abee5db91a62e04bb075_752478327038597656.png,Characters/申鹤_29.png,PNG,image/png,256,256,88452,793a9690eb5a358db8f1e15a2d9c117b6e2177f593902565a512ddd7c9749f74,,success,
character_avatar,甘雨,28,https://wiki.hoyolab.com/pc/genshin/entry/28?lang=zh-cn,https://act-upload.hoyoverse.com/event-ugc-hoyowiki/2024/05/22/327628065/3836df70a7442c6557fe9062e23d95b0_4306573658954696176.png,Characters/甘雨_28.png,PNG,image/png,256,256,93862,c0c6df9a5335afd248330d99b397c0863f5ff9181bfc45344640aab19d3e7381,,success,
character_avatar,琴,27,https://wiki.hoyolab.com/pc/genshin/entry/27?lang=zh-cn,https://act-upload.hoyoverse.com/event-ugc-hoyowiki/2024/05/22/327628065/dc4d21c71b5edcb3e41d225b315c26a5_5050188703815898410.png,Characters/琴_27.png,PNG,image/png,256,256,75448,7e26081a8f174c3861c27f91e25e35fd7738858bc25f944261181275e84136aa,,success,
character_avatar,班尼特,26,https://wiki.hoyolab.com/pc/genshin/entry/26?lang=zh-cn,https://act-upload.hoyoverse.com/event-ugc-hoyowiki/2024/05/22/327628065/987251b5385d22f0d817c61dfe37d892_1022828316344847270.png,Characters/班尼特_26.png,PNG,image/png,256,256,83475,89022f3e68d053b3ddde73030f527551a27f16951393638fcd38e10afbed6035,,success,
character_avatar,珊瑚宫心海,25,https://wiki.hoyolab.com/pc/genshin/entry/25?lang=zh-cn,https://act-upload.hoyoverse.com/event-ugc-hoyowiki/2024/05/22/327628065/def649ebf30f4fff6a38a10c602cf675_174461238333272915.png,Characters/珊瑚宫心海_25.png,PNG,image/png,256,256,82880,6187d4fc5cbe950b786f8dfe3d134d3f924609cd30550cd4b2a81687c1601268,,success,
character_avatar,烟绯,24,https://wiki.hoyolab.com/pc/genshin/entry/24?lang=zh-cn,https://act-upload.hoyoverse.com/event-ugc-hoyowiki/2024/05/22/327628065/7f4616ee1971ecfd3251207ef85a2d38_6070013783342335702.png,Characters/烟绯_24.png,PNG,image/png,256,256,114601,3418a9dfff9b3f72dfae16e78086682620d9b022a4ebdbccaa42e8cb79a3522c,,success,
character_avatar,温迪,23,https://wiki.hoyolab.com/pc/genshin/entry/23?lang=zh-cn,https://act-upload.hoyoverse.com/event-ugc-hoyowiki/2024/05/22/327628065/8f6e853d69006df2390197dc04958dc6_7124842681498186358.png,Characters/温迪_23.png,PNG,image/png,256,256,82380,35bf7f0580b127bb914cfc97a0431a49ffa00d99040bcab7933c3bda39d5cc3a,,success,
character_avatar,枫原万叶,22,https://wiki.hoyolab.com/pc/genshin/entry/22?lang=zh-cn,https://act-upload.hoyoverse.com/event-ugc-hoyowiki/2024/05/22/327628065/bd6df65c90f3983a3e5ffe2530c579c8_9019382475937218063.png,Characters/枫原万叶_22.png,PNG,image/png,256,256,86036,aabb94b3706022f85b25d5899e0abc68f3724eb79fcdd21123d3a4daf849f29b,,success,
character_avatar,早柚,21,https://wiki.hoyolab.com/pc/genshin/entry/21?lang=zh-cn,https://act-upload.hoyoverse.com/event-ugc-hoyowiki/2024/05/22/327628065/d8581bb8b1504ff38581a5231f552379_6016507041529793506.png,Characters/早柚_21.png,PNG,image/png,256,256,94335,fc3b689f966b04889e8091a8adbcdfb526594a9ab74bb33d569addd35c884c32,,success,
character_avatar,旅行者,20,https://wiki.hoyolab.com/pc/genshin/entry/20?lang=zh-cn,https://act-upload.hoyoverse.com/event-ugc-hoyowiki/2024/05/22/327628065/04f769b0b1671b5ffbbafefd7286b4b2_8705621070531496665.png,Characters/旅行者_20.png,PNG,image/png,501,501,393502,2563b1aa9af2fe9053362f5832223360ab359d8a98e71da04276725fac11de7d,Characters/旅行者（草）_2674.png,success,
character_avatar,旅行者（风）,19,https://wiki.hoyolab.com/pc/genshin/entry/19?lang=zh-cn,https://act-upload.hoyoverse.com/event-ugc-hoyowiki/2024/05/22/327628065/04f769b0b1671b5ffbbafefd7286b4b2_424756911418322820.png,Characters/旅行者（风）_19.png,PNG,image/png,501,501,393502,2563b1aa9af2fe9053362f5832223360ab359d8a98e71da04276725fac11de7d,Characters/旅行者（草）_2674.png,success,
character_avatar,旅行者（雷）,18,https://wiki.hoyolab.com/pc/genshin/entry/18?lang=zh-cn,https://act-upload.hoyoverse.com/event-ugc-hoyowiki/2024/05/22/327628065/04f769b0b1671b5ffbbafefd7286b4b2_6563368146694599333.png,Characters/旅行者（雷）_18.png,PNG,image/png,501,501,393502,2563b1aa9af2fe9053362f5832223360ab359d8a98e71da04276725fac11de7d,Characters/旅行者（草）_2674.png,success,
character_avatar,旅行者（岩）,17,https://wiki.hoyolab.com/pc/genshin/entry/17?lang=zh-cn,https://act-upload.hoyoverse.com/event-ugc-hoyowiki/2024/05/22/327628065/04f769b0b1671b5ffbbafefd7286b4b2_6474636677133417555.png,Characters/旅行者（岩）_17.png,PNG,image/png,501,501,393502,2563b1aa9af2fe9053362f5832223360ab359d8a98e71da04276725fac11de7d,Characters/旅行者（草）_2674.png,success,
character_avatar,托马,16,https://wiki.hoyolab.com/pc/genshin/entry/16?lang=zh-cn,https://act-upload.hoyoverse.com/event-ugc-hoyowiki/2024/05/22/327628065/d5dabd118d90a7606c4226cd91c78817_2393029035550874982.png,Characters/托马_16.png,PNG,image/png,256,256,81855,fe44ff21dad03003431be0ddec5f9ed69bc5e2f39824dfe1ee5e94ba4ec7c895,,success,
character_avatar,宵宫,15,https://wiki.hoyolab.com/pc/genshin/entry/15?lang=zh-cn,https://act-upload.hoyoverse.com/event-ugc-hoyowiki/2024/05/22/327628065/3c8a8d8b160d6ce0e08bcc51cdd4953f_2633821777653293277.png,Characters/宵宫_15.png,PNG,image/png,256,256,99296,d38d0a482ce135be7f5a665b719f405605f1732fc7a5f084b7fa0b9c77dc7b20,,success,
character_avatar,安柏,14,https://wiki.hoyolab.com/pc/genshin/entry/14?lang=zh-cn,https://act-upload.hoyoverse.com/event-ugc-hoyowiki/2024/05/22/327628065/5e5c09879e341005a84671eb0032f826_5260597144803269830.png,Characters/安柏_14.png,PNG,image/png,256,256,71905,61915fd348c28060108e925c839f0e58bb0f5592178222f55af4f4d63d7a056e,,success,
character_avatar,埃洛伊,13,https://wiki.hoyolab.com/pc/genshin/entry/13?lang=zh-cn,https://upload-static.hoyoverse.com/hoyolab-wiki/2022/08/01/169177528/92f6eddaf09e71b259bf80534ff8b640_5275458637182197804.png,Characters/埃洛伊_13.png,PNG,image/png,256,256,87013,4fe330135c0fec498d0bd27274c2c86151af03b7773aa8452afc3aad6c2e7dda,,success,
character_avatar,可莉,12,https://wiki.hoyolab.com/pc/genshin/entry/12?lang=zh-cn,https://act-upload.hoyoverse.com/event-ugc-hoyowiki/2024/05/22/327628065/ca5fba7e25bd27e309de326cfaf925bd_1110028334539129241.png,Characters/可莉_12.png,PNG,image/png,256,256,97968,bad65416e0f38c803958cd7281364812be020cf251f96a2d7e527ce693e50ffe,,success,
character_avatar,北斗,11,https://wiki.hoyolab.com/pc/genshin/entry/11?lang=zh-cn,https://act-upload.hoyoverse.com/event-ugc-hoyowiki/2024/05/22/327628065/849ad812aa69897b24009dd74296bf0f_7989175566585970435.png,Characters/北斗_11.png,PNG,image/png,256,256,97629,fca0659f75ceb615a8ce3168eab60fcc5b149e42c50c5fc6ac24d3f702e67d47,,success,
character_avatar,刻晴,10,https://wiki.hoyolab.com/pc/genshin/entry/10?lang=zh-cn,https://act-upload.hoyoverse.com/event-ugc-hoyowiki/2024/05/22/327628065/08a844ef01f40ec7c032588fb15ddb06_4867414478259272853.png,Characters/刻晴_10.png,PNG,image/png,256,256,93179,e7bba124ea33266f9814c4730a77873631ffca46acc6e18772ec2b0d83918401,,success,
character_avatar,凯亚,9,https://wiki.hoyolab.com/pc/genshin/entry/9?lang=zh-cn,https://act-upload.hoyoverse.com/event-ugc-hoyowiki/2024/05/22/327628065/a59b105ea80a314fc010e1886667facb_5543474485028551497.png,Characters/凯亚_9.png,PNG,image/png,256,256,86282,ffff3010eb68157b58a9feb5f6bc021e5f7e6e813b26219857ef7b670eba94b3,,success,
character_avatar,凝光,8,https://wiki.hoyolab.com/pc/genshin/entry/8?lang=zh-cn,https://act-upload.hoyoverse.com/event-ugc-hoyowiki/2024/05/22/327628065/d65fcefa3eb8aedb05c0ddb3111867de_4824309128875972712.png,Characters/凝光_8.png,PNG,image/png,256,256,94193,4665778752457f5a75c5faca84eabdab60ab290fb783a5aa0f791c53c0c7e10b,,success,
character_avatar,八重神子,7,https://wiki.hoyolab.com/pc/genshin/entry/7?lang=zh-cn,https://act-upload.hoyoverse.com/event-ugc-hoyowiki/2024/05/22/327628065/fe99f0fadeeb003fe11d754ef4486e23_4303297213034238274.png,Characters/八重神子_7.png,PNG,image/png,256,256,100345,ac66d3cb871d79add030cd99f5f732f817aa32af0f3a55b8195c9c1b905d126f,,success,
character_avatar,优菈,6,https://wiki.hoyolab.com/pc/genshin/entry/6?lang=zh-cn,https://act-upload.hoyoverse.com/event-ugc-hoyowiki/2024/05/22/327628065/d2201d00f4b88d1701d3e70701e73bc4_97528772977352915.png,Characters/优菈_6.png,PNG,image/png,256,256,108386,24fe2e8b1043f22d56a002716f0b0ce0590a8365f18c297ad8918a49a2585d85,,success,
character_avatar,五郎,5,https://wiki.hoyolab.com/pc/genshin/entry/5?lang=zh-cn,https://act-upload.hoyoverse.com/event-ugc-hoyowiki/2024/05/22/327628065/3733e9e03fbc5d3d84eb4adad49bb1d0_7065620989671291113.png,Characters/五郎_5.png,PNG,image/png,256,256,104340,4e0e98c89c5c2ca7bf33d2c1518199d3d26bd4c0441da3dd4af005021e29f01b,,success,
character_avatar,云堇,4,https://wiki.hoyolab.com/pc/genshin/entry/4?lang=zh-cn,https://act-upload.hoyoverse.com/event-ugc-hoyowiki/2024/05/22/327628065/3c8dd9a1daabc567d937736f58e60e61_8255594545394381562.png,Characters/云堇_4.png,PNG,image/png,256,256,86843,6c82a6577a5f3909e3cf96c1ffe9ca2ba211f65f879f058be363fd365b2023cb,,success,
character_avatar,九条裟罗,3,https://wiki.hoyolab.com/pc/genshin/entry/3?lang=zh-cn,https://act-upload.hoyoverse.com/event-ugc-hoyowiki/2024/05/22/327628065/e1306e693d2e305287a753411e638270_2251199649727903784.png,Characters/九条裟罗_3.png,PNG,image/png,256,256,86146,de28a3302b92d10618e3e60afa9d7cd56aaf33af2cad7d59ce3d0f98b1a419cd,,success,
character_avatar,丽莎,2,https://wiki.hoyolab.com/pc/genshin/entry/2?lang=zh-cn,https://act-upload.hoyoverse.com/event-ugc-hoyowiki/2024/05/22/327628065/736998dd647ad5eb9aa6b8f9a831950d_7134371114525998574.png,Characters/丽莎_2.png,PNG,image/png,256,256,106305,a4aef00697055c63b213f984ffc89aa19daba22c34e43621108a6e03b2e9d886,,success,
character_avatar,七七,1,https://wiki.hoyolab.com/pc/genshin/entry/1?lang=zh-cn,https://act-upload.hoyoverse.com/event-ugc-hoyowiki/2024/05/22/327628065/63d1a5743f40c81ab387400de91460fe_3573441732165368400.png,Characters/七七_1.png,PNG,image/png,256,256,87588,4b454311dc485798b0c9efaef96fbcd042336f07e82f136a505476d90c8fe9e5,,success,
