"category","weapon_type","artifact_set","display_name","part","official_id","source_page_url","source_image_url","local_path","image_format","mime","width","height","bytes","sha256","duplicate_of","status","error"
"Weapon","Bow","","悬黎千钧","","11221","https://wiki.hoyolab.com/pc/genshin/entry/11221?lang=zh-cn","https://act-webstatic.hoyoverse.com/event-static-hoyowiki-admin/2026/08/03/19c80f587430adbfce599f56ef3324dd_4937523743376541205.png","Weapons/Bow/悬黎千钧_11221.png","png","image/png","256","256","51303","803ef0f5182a19d5a084517f7b4779299b406c0814db297989037f67d5a4b20e","","success",""
"Weapon","Bow","","霜雪誓约","","11220","https://wiki.hoyolab.com/pc/genshin/entry/11220?lang=zh-cn","https://act-webstatic.hoyoverse.com/event-static-hoyowiki-admin/2026/08/03/71e03a3f1868a9caa8e7adac310ca6a7_6530544918250739118.png","Weapons/Bow/霜雪誓约_11220.png","png","image/png","256","256","50673","93e151a25b731ad84104bd924947e8879c7cc6ea696b6135c7a9a39404b535fa","","success",""
"Weapon","Catalyst","","群王局戏","","11219","https://wiki.hoyolab.com/pc/genshin/entry/11219?lang=zh-cn","https://act-webstatic.hoyoverse.com/event-static-hoyowiki-admin/2026/08/03/028d4226ab8c38cbe2e0fcdd3ce128e4_172320011752876507.png","Weapons/Catalyst/群王局戏_11219.png","png","image/png","256","256","47934","a9db302d9d70850683ec18c7cc4ff1680c39d71bd17c6771810ab70bda5a11c5","","success",""
"Weapon","Catalyst","","寸心余响","","11218","https://wiki.hoyolab.com/pc/genshin/entry/11218?lang=zh-cn","https://act-webstatic.hoyoverse.com/event-static-hoyowiki-admin/2026/08/03/4f8d41d48cafdb7a77568b7fae43c436_5465649971679004871.png","Weapons/Catalyst/寸心余响_11218.png","png","image/png","256","256","45070","f754e992dec711838fca5b7c565b9202d2c1b7f1e02f9bc05e3368ae7031bd51","","success",""
"Weapon","Polearm","","寒息","","11217","https://wiki.hoyolab.com/pc/genshin/entry/11217?lang=zh-cn","https://act-webstatic.hoyoverse.com/event-static-hoyowiki-admin/2026/08/03/6a0eb9b0455f71517ba22556b21814f1_4657577436996434077.png","Weapons/Polearm/寒息_11217.png","png","image/png","256","256","33734","129970be82251daf344e904a90cdc1c06a72d9b05f04fff2b4350e2c1c20834b","","success",""
"Weapon","Polearm","","戍望谣歌","","11216","https://wiki.hoyolab.com/pc/genshin/entry/11216?lang=zh-cn","https://act-webstatic.hoyoverse.com/event-static-hoyowiki-admin/2026/08/03/993e369730552558f3a6d11269647d3f_162896007110569426.png","Weapons/Polearm/戍望谣歌_11216.png","png","image/png","256","256","30021","c1b5fda6aeb52d93bfe4ca6c97c65c3280b48c131fa93c13b6f3159aad89e292","","success",""
"Weapon","Claymore","","金律铸影","","11215","https://wiki.hoyolab.com/pc/genshin/entry/11215?lang=zh-cn","https://act-webstatic.hoyoverse.com/event-static-hoyowiki-admin/2026/08/03/5238a7b7a630ef9f9d2d789f6a2aa6da_1650019963952327060.png","Weapons/Claymore/金律铸影_11215.png","png","image/png","256","256","56789","10b4907639052b7de14c011053b1c191c2a845c6234d55032f664a347657591f","","success",""
"Weapon","Claymore","","救赎之斩","","11214","https://wiki.hoyolab.com/pc/genshin/entry/11214?lang=zh-cn","https://act-webstatic.hoyoverse.com/event-static-hoyowiki-admin/2026/08/03/47b7c05e0d29ef0b8845e3b249fdd800_7183760739047053137.png","Weapons/Claymore/救赎之斩_11214.png","png","image/png","256","256","36763","92937327fd33b404d356471b5ab35a6b061cc42a7be9d53422c932a7997020fe","","success",""
"Weapon","Sword","","熔猎异端之刃","","11213","https://wiki.hoyolab.com/pc/genshin/entry/11213?lang=zh-cn","https://act-webstatic.hoyoverse.com/event-static-hoyowiki-admin/2026/08/03/0c0d6535c7c54aa95d58b5394a023cd2_844859417849776738.png","Weapons/Sword/熔猎异端之刃_11213.png","png","image/png","256","256","40868","4396245126ec0273bb1b6cacee89323c3728ff4a763498c13b0faf67c656d785","","success",""
"Weapon","Sword","","引火之源","","11212","https://wiki.hoyolab.com/pc/genshin/entry/11212?lang=zh-cn","https://act-webstatic.hoyoverse.com/event-static-hoyowiki-admin/2026/08/03/9ae260ef2d2f79ddc6e3963513e4cc46_2657429378983343835.png","Weapons/Sword/引火之源_11212.png","png","image/png","256","256","32358","317c30b6595c49de7fe07727c404f15f0135398090d1a9be7fbd9ff7b33c3eb0","","success",""
"Weapon","Sword","","星锋剑","","11211","https://wiki.hoyolab.com/pc/genshin/entry/11211?lang=zh-cn","https://act-webstatic.hoyoverse.com/event-static-hoyowiki-admin/2026/08/03/96a75037a498b9fcf07ff550696d517f_2887877366037905855.png","Weapons/Sword/星锋剑_11211.png","png","image/png","256","256","33617","26e31e55d6c7ffc8ed83925802d656f87e2bb5deff9aacfac2c873c77701e24e","","success",""
"Weapon","Sword","","白湖冬羽","","11210","https://wiki.hoyolab.com/pc/genshin/entry/11210?lang=zh-cn","https://act-webstatic.hoyoverse.com/event-static-hoyowiki-admin/2026/08/03/5e3d91936ed4facfebc5f4f8c2ba4cde_1995425813023287621.png","Weapons/Sword/白湖冬羽_11210.png","png","image/png","256","256","38055","90860b23cff8843572abdb0ef1b566683697b6771a2164894542c8a2125a2d52","","success",""
"Weapon","Claymore","","超越之匙","","10949","https://wiki.hoyolab.com/pc/genshin/entry/10949?lang=zh-cn","https://act-webstatic.hoyoverse.com/event-static-hoyowiki-admin/2026/06/25/a2c59d52525cd3b23ba5dfc0e2ca0e40_8273039777765971978.png","Weapons/Claymore/超越之匙_10949.png","png","image/png","256","256","43146","7259c71e8cd0a4ab2940ab742647f1da3f8ec9b655a94d3f6b1c8a08b02a46ca","","success",""
"Weapon","Polearm","","灾悔","","10758","https://wiki.hoyolab.com/pc/genshin/entry/10758?lang=zh-cn","https://act-webstatic.hoyoverse.com/event-static-hoyowiki-admin/2026/05/15/173531aa00de724260fb5c8ce21ce625_742789739843295350.png","Weapons/Polearm/灾悔_10758.png","png","image/png","256","256","34373","f654e6380a9fe7bded3ec26b1e516da35e3c058c16e0563b2f16c6ab40402b12","","success",""
"Weapon","Catalyst","","尘光七谕","","10757","https://wiki.hoyolab.com/pc/genshin/entry/10757?lang=zh-cn","https://act-webstatic.hoyoverse.com/event-static-hoyowiki-admin/2026/05/15/35faadca59d9ed40b7c448a1e628bcdc_4873659369821393193.png","Weapons/Catalyst/尘光七谕_10757.png","png","image/png","256","256","74883","44a237b353107140e293871bc8a15b477692265bd3b041ff050f15ba1cf402ae","","success",""
"Weapon","Bow","","霜结的誓金枝","","10547","https://wiki.hoyolab.com/pc/genshin/entry/10547?lang=zh-cn","https://act-webstatic.hoyoverse.com/event-static-hoyowiki-admin/2026/04/03/56dfea855cb96781fc3fa4409463e523_641344848709162695.png","Weapons/Bow/霜结的誓金枝_10547.png","png","image/png","256","256","45434","5eea6bbf99121d7011077b1a9f56c1cd09282fa68dafb3d24fd59f28b8252e2c","","success",""
"Weapon","Claymore","","狼的武功歌","","9456","https://wiki.hoyolab.com/pc/genshin/entry/9456?lang=zh-cn","https://act-webstatic.hoyoverse.com/event-static-hoyowiki-admin/2026/02/09/69a9c4711061f96f155bbe236d1ac188_2915183031167827788.png","Weapons/Claymore/狼的武功歌_9456.png","png","image/png","256","256","63948","ad0178a9eae06d951a179b71b2f95c81ebfd35f40773cc16f271b969137afbf0","","success",""
"Weapon","Catalyst","","帷间夜曲","","9250","https://wiki.hoyolab.com/pc/genshin/entry/9250?lang=zh-cn","https://act-webstatic.hoyoverse.com/event-static-hoyowiki-admin/2026/01/07/670440ccb460f5f58e014c68ad569d78_7754520756837248808.png","Weapons/Catalyst/帷间夜曲_9250.png","png","image/png","256","256","63704","a9cd6bb7bd31542c916240ac2961c5cdcc51bc3aea55e76b8a8a441bf73f410a","","success",""
"Weapon","Sword","","朏魄含光","","9249","https://wiki.hoyolab.com/pc/genshin/entry/9249?lang=zh-cn","https://act-webstatic.hoyoverse.com/event-static-hoyowiki-admin/2026/01/07/5df9a7e1f45c7967eb263a37362c76d9_5509634125074303398.png","Weapons/Sword/朏魄含光_9249.png","png","image/png","256","256","38747","59c672426cad63d617bf02d8da6f9aa898c03d6198131694a9d8655fd8409b42","","success",""
"Weapon","Bow","","黎明破晓之史","","9047","https://wiki.hoyolab.com/pc/genshin/entry/9047?lang=zh-cn","https://act-webstatic.hoyoverse.com/event-static-hoyowiki-admin/2025/11/25/888f15859930696bb17aeb61f35fa340_139096456278287885.png","Weapons/Bow/黎明破晓之史_9047.png","png","image/png","256","256","54599","7463441c256b796ac1dda06b84d8badf2c19df3237f9cd78f5cba25be8996e44","","success",""
"Weapon","Bow","","虹蛇的雨弦","","9046","https://wiki.hoyolab.com/pc/genshin/entry/9046?lang=zh-cn","https://act-webstatic.hoyoverse.com/event-static-hoyowiki-admin/2025/11/25/d9cb6d60dadf1e2238bcad97ba61afca_2753787926355500061.png","Weapons/Bow/虹蛇的雨弦_9046.png","png","image/png","256","256","40190","e5a04c3a54c47d7971e1920434bc8d7723788b22f6f35142c7c71607c4da1f8a","","success",""
"Weapon","Sword","","黑蚀","","9045","https://wiki.hoyolab.com/pc/genshin/entry/9045?lang=zh-cn","https://act-webstatic.hoyoverse.com/event-static-hoyowiki-admin/2025/11/25/69991219a3eab8162a67513d013e6ef0_6929917729223804184.png","Weapons/Sword/黑蚀_9045.png","png","image/png","256","256","38288","b98c695f1108ff9049a01aeeeeada9b3f6ae6bbc415448e2e9c7e7b8ee41019a","","success",""
"Weapon","Catalyst","","真语秘匣","","8991","https://wiki.hoyolab.com/pc/genshin/entry/8991?lang=zh-cn","https://act-webstatic.hoyoverse.com/event-static-hoyowiki-admin/2025/10/20/a81d9e6d6b35935cfa6027c1d74d70c8_5519387986125030469.png","Weapons/Catalyst/真语秘匣_8991.png","png","image/png","256","256","49346","cc6bc7bc36f8285583f0f3530cd1ec5289d6c802824275c18636d425a2ff88cd","","success",""
"Weapon","Catalyst","","霜辰","","8990","https://wiki.hoyolab.com/pc/genshin/entry/8990?lang=zh-cn","https://act-webstatic.hoyoverse.com/event-static-hoyowiki-admin/2025/10/20/f71e542de2ae1c6c9a936eceb667f733_3168622620827067279.png","Weapons/Catalyst/霜辰_8990.png","png","image/png","256","256","44269","6a16e62a8d6318e52af2fa0c2c983ba1105fa85f0e1979dfd5ff91e7f637952a","","success",""
"Weapon","Polearm","","圣祭者的辉杖","","8989","https://wiki.hoyolab.com/pc/genshin/entry/8989?lang=zh-cn","https://act-webstatic.hoyoverse.com/event-static-hoyowiki-admin/2025/10/20/42b605f34cfce0b70d437d0673c847fd_3003547681809154152.png","Weapons/Polearm/圣祭者的辉杖_8989.png","png","image/png","256","256","26866","d74c751df821d5b43ba8f8f797b492b8bb3dbd97e2af36f7f28ec59e963e95cc","","success",""
"Weapon","Polearm","","血染荒城","","8838","https://wiki.hoyolab.com/pc/genshin/entry/8838?lang=zh-cn","https://act-webstatic.hoyoverse.com/event-static-hoyowiki-admin/2025/09/01/f842bb3bf454987301dd1bedd3be0c06_372682473601768051.png","Weapons/Polearm/血染荒城_8838.png","png","image/png","256","256","37342","a60f9b7de1bc768600556afc252d6363e34c93b95d06585f7809e3dc7161bf2b","","success",""
"Weapon","Catalyst","","天光的纺琴","","8837","https://wiki.hoyolab.com/pc/genshin/entry/8837?lang=zh-cn","https://act-webstatic.hoyoverse.com/event-static-hoyowiki-admin/2025/09/01/139e8ec2c68957b44a0f217b3859bb82_2114353354330070345.png","Weapons/Catalyst/天光的纺琴_8837.png","png","image/png","256","256","48478","3feff360edf3a1787b8da0029961552d62bdbe7f333bf858cbbe3b6eae469e74","","success",""
"Weapon","Catalyst","","纺夜天镜","","8836","https://wiki.hoyolab.com/pc/genshin/entry/8836?lang=zh-cn","https://act-webstatic.hoyoverse.com/event-static-hoyowiki-admin/2025/09/01/d28b849e0abef976114ea7ecef92960e_4616051474368823347.png","Weapons/Catalyst/纺夜天镜_8836.png","png","image/png","256","256","66814","60eb7026fa56191886a39d5061b01229ea4dee8893e323bee16411e1bf090f7d","","success",""
"Weapon","Bow","","罗网勾针","","8835","https://wiki.hoyolab.com/pc/genshin/entry/8835?lang=zh-cn","https://act-webstatic.hoyoverse.com/event-static-hoyowiki-admin/2025/09/01/794f286cd49e6beb026d4729d6a0e491_2738340196396279380.png","Weapons/Bow/罗网勾针_8835.png","png","image/png","256","256","42471","c949519f59ecd29a4464338b78368159775dbf346e9f3518da096979d908aa20","","success",""
"Weapon","Catalyst","","乌髓孑灯","","8517","https://wiki.hoyolab.com/pc/genshin/entry/8517?lang=zh-cn","https://act-webstatic.hoyoverse.com/event-static-hoyowiki-admin/2025/09/01/fca1d073841a27aa921fb0cdadcc1814_4456705496709264629.png","Weapons/Catalyst/乌髓孑灯_8517.png","png","image/png","256","256","54535","e74fb192c0ee6c8f118ccf73f0bf31bf8e91b938f864aa31be664f8019b0cf17","","success",""
"Artifact","","炉火融炼之心","炉火融炼之心","Flower","11223","https://wiki.hoyolab.com/pc/genshin/entry/11223?lang=zh-cn","https://act-webstatic.hoyoverse.com/event-static-hoyowiki-admin/2026/08/03/e7fc2ec7ed140d268c1c7959da1b86e1_6272741195969414047.png","Artifacts/炉火融炼之心_11223/Flower/炉火融炼之心_Flower_11223.png","png","image/png","256","256","55719","0b17800da402fcdcdb000833a89dec89cf126503dcc9049c98f20d1c17670499","","success",""
"Artifact","","炉火融炼之心","炉火融炼之心","Plume","11223","https://wiki.hoyolab.com/pc/genshin/entry/11223?lang=zh-cn","https://act-webstatic.hoyoverse.com/event-static-hoyowiki-admin/2026/08/03/d7bf6cb7fe1de3f1938373c3ba8f1a5f_8303749076826311938.png","Artifacts/炉火融炼之心_11223/Plume/炉火融炼之心_Plume_11223.png","png","image/png","256","256","59751","3b93d424ab5cce639c936efc4a4e2d1ccaf66a5b4bfa0d39ed089d2bd3438b31","","success",""
"Artifact","","炉火融炼之心","炉火融炼之心","Sands","11223","https://wiki.hoyolab.com/pc/genshin/entry/11223?lang=zh-cn","https://act-webstatic.hoyoverse.com/event-static-hoyowiki-admin/2026/08/03/84ba5cd84016c12eafad99c7f14192c0_126861292695265381.png","Artifacts/炉火融炼之心_11223/Sands/炉火融炼之心_Sands_11223.png","png","image/png","256","256","55075","76dac5739d41ed8f1d706324fd028ae122cedfa789dfde712376339e5abce29c","","success",""
"Artifact","","炉火融炼之心","炉火融炼之心","Goblet","11223","https://wiki.hoyolab.com/pc/genshin/entry/11223?lang=zh-cn","https://act-webstatic.hoyoverse.com/event-static-hoyowiki-admin/2026/08/03/366d788f0d94c94a8c735d9306789381_819356584480849524.png","Artifacts/炉火融炼之心_11223/Goblet/炉火融炼之心_Goblet_11223.png","png","image/png","256","256","39342","a53a5f09033fe6d4df17c40aff644fec7404908e606df552b0844b1b5b66e905","","success",""
"Artifact","","炉火融炼之心","炉火融炼之心","Circlet","11223","https://wiki.hoyolab.com/pc/genshin/entry/11223?lang=zh-cn","https://act-webstatic.hoyoverse.com/event-static-hoyowiki-admin/2026/08/03/6873e88d366126d8d394923a44797fb3_3351446397282260132.png","Artifacts/炉火融炼之心_11223/Circlet/炉火融炼之心_Circlet_11223.png","png","image/png","256","256","67091","ec00921690019616de3a016ff65ad2ff410c3ead37ea6e89c82c2f0486cea4e3","","success",""
"Artifact","","血红之证","血红之证","Flower","11222","https://wiki.hoyolab.com/pc/genshin/entry/11222?lang=zh-cn","https://act-webstatic.hoyoverse.com/event-static-hoyowiki-admin/2026/08/03/a15fd091d52a63adc31630340f6d802c_6622203993431971774.png","Artifacts/血红之证_11222/Flower/血红之证_Flower_11222.png","png","image/png","256","256","58939","c022bc99cd57c45b55ecb29449cb622acffcfddf77679ba01630daecbf1b9aa6","","success",""
"Artifact","","血红之证","血红之证","Plume","11222","https://wiki.hoyolab.com/pc/genshin/entry/11222?lang=zh-cn","https://act-webstatic.hoyoverse.com/event-static-hoyowiki-admin/2026/08/03/cc2f877154130fb0d5d28b5fdcdce606_5952674370688612300.png","Artifacts/血红之证_11222/Plume/血红之证_Plume_11222.png","png","image/png","256","256","64075","9e4c0f735a3df45829ac6ecea0889c72c6e4113dd5b4b51ffeff71db0392b310","","success",""
"Artifact","","血红之证","血红之证","Sands","11222","https://wiki.hoyolab.com/pc/genshin/entry/11222?lang=zh-cn","https://act-webstatic.hoyoverse.com/event-static-hoyowiki-admin/2026/08/03/9e4fe1f669a5e9eb6ed34f2e11c9254d_3376435841621887173.png","Artifacts/血红之证_11222/Sands/血红之证_Sands_11222.png","png","image/png","256","256","59661","2256348763d9aa613b08731ecd7d87a3dc35b9b84df19179f74da68e31496847","","success",""
"Artifact","","血红之证","血红之证","Goblet","11222","https://wiki.hoyolab.com/pc/genshin/entry/11222?lang=zh-cn","https://act-webstatic.hoyoverse.com/event-static-hoyowiki-admin/2026/08/03/e6b2a75e5f734ab7ac6736a576f8969e_6168832284081545973.png","Artifacts/血红之证_11222/Goblet/血红之证_Goblet_11222.png","png","image/png","256","256","47392","e764efa6be7da0f2a224b0bdfd89ff6d66716e842e4ddbedf5a22bd0be30889c","","success",""
"Artifact","","血红之证","血红之证","Circlet","11222","https://wiki.hoyolab.com/pc/genshin/entry/11222?lang=zh-cn","https://act-webstatic.hoyoverse.com/event-static-hoyowiki-admin/2026/08/03/56b6e287769e50a96c62b4f403b242e5_2116191387326095566.png","Artifacts/血红之证_11222/Circlet/血红之证_Circlet_11222.png","png","image/png","256","256","66168","2caa6871586268f72c3d9bd008821ffa3ad0f84169e5d8fa0baf2a8bfa0f9c76","","success",""
"Artifact","","影中沉凝的幻灭","影中沉凝的幻灭","Flower","10760","https://wiki.hoyolab.com/pc/genshin/entry/10760?lang=zh-cn","https://act-webstatic.hoyoverse.com/event-static-hoyowiki-admin/2026/05/15/df16bd2dcd5f5f0582a3f8423de89884_246042224874063702.png","Artifacts/影中沉凝的幻灭_10760/Flower/影中沉凝的幻灭_Flower_10760.png","png","image/png","256","256","58143","067f75464245933883db85d237016c52497ee142281a583d48687aea4c980b08","","success",""
"Artifact","","影中沉凝的幻灭","影中沉凝的幻灭","Plume","10760","https://wiki.hoyolab.com/pc/genshin/entry/10760?lang=zh-cn","https://act-webstatic.hoyoverse.com/event-static-hoyowiki-admin/2026/05/15/186ed0ccb206788d4832b848bdb91624_1196226685770777941.png","Artifacts/影中沉凝的幻灭_10760/Plume/影中沉凝的幻灭_Plume_10760.png","png","image/png","256","256","61523","7a510563966960ca756dfc7c7467b4b0278fd641bfc12c27d99fc22ea9497b4b","","success",""
"Artifact","","影中沉凝的幻灭","影中沉凝的幻灭","Sands","10760","https://wiki.hoyolab.com/pc/genshin/entry/10760?lang=zh-cn","https://act-webstatic.hoyoverse.com/event-static-hoyowiki-admin/2026/05/15/279668837734bed41e3963e8207ab4b1_2347963908422382260.png","Artifacts/影中沉凝的幻灭_10760/Sands/影中沉凝的幻灭_Sands_10760.png","png","image/png","256","256","71945","7eab0fb9084c5c9e23bf6ede192c2ba9cf1d9d6548a14e44788a546ba6a5946a","","success",""
"Artifact","","影中沉凝的幻灭","影中沉凝的幻灭","Goblet","10760","https://wiki.hoyolab.com/pc/genshin/entry/10760?lang=zh-cn","https://act-webstatic.hoyoverse.com/event-static-hoyowiki-admin/2026/05/15/2e311abfb4fa96194a5420137b7262bf_8775615034839082974.png","Artifacts/影中沉凝的幻灭_10760/Goblet/影中沉凝的幻灭_Goblet_10760.png","png","image/png","256","256","51717","b38701be16d3da8b5ebd7139923e65083cdaf262127f43d40b3649dee0a94b2c","","success",""
"Artifact","","影中沉凝的幻灭","影中沉凝的幻灭","Circlet","10760","https://wiki.hoyolab.com/pc/genshin/entry/10760?lang=zh-cn","https://act-webstatic.hoyoverse.com/event-static-hoyowiki-admin/2026/05/15/95a4e544a3ee250e6b7551f4857196cc_872029035811212154.png","Artifacts/影中沉凝的幻灭_10760/Circlet/影中沉凝的幻灭_Circlet_10760.png","png","image/png","256","256","64835","680ad2992925cb2a1b84d2ca937263907970885c13c81de29cb5e201bf92f22d","","success",""
"Artifact","","天之美赐","天之美赐","Flower","10759","https://wiki.hoyolab.com/pc/genshin/entry/10759?lang=zh-cn","https://act-webstatic.hoyoverse.com/event-static-hoyowiki-admin/2026/05/15/068c3628cf202e98800d865db61044fa_8294755309243183413.png","Artifacts/天之美赐_10759/Flower/天之美赐_Flower_10759.png","png","image/png","256","256","61199","3e7092b7d5f3ca44b72bee4ee7e4750cb3ec8e0fb77c679c62c52cb2aa078b10","","success",""
"Artifact","","天之美赐","天之美赐","Plume","10759","https://wiki.hoyolab.com/pc/genshin/entry/10759?lang=zh-cn","https://act-webstatic.hoyoverse.com/event-static-hoyowiki-admin/2026/05/15/5ff646e4e9ff8f839490360edda862a2_2352330875956559301.png","Artifacts/天之美赐_10759/Plume/天之美赐_Plume_10759.png","png","image/png","256","256","62562","583201b3342cb1015283ae2a12e18c502d89e4de71479ad5de898038fabb9da3","","success",""
"Artifact","","天之美赐","天之美赐","Sands","10759","https://wiki.hoyolab.com/pc/genshin/entry/10759?lang=zh-cn","https://act-webstatic.hoyoverse.com/event-static-hoyowiki-admin/2026/05/15/b0a4185de908e04f9aa2c7abc7fa4941_4373162066960384781.png","Artifacts/天之美赐_10759/Sands/天之美赐_Sands_10759.png","png","image/png","256","256","57097","9ba5029ed3aa8e478b9608d13264bb1327535a4199e331fdb5213556aeb362ad","","success",""
"Artifact","","天之美赐","天之美赐","Goblet","10759","https://wiki.hoyolab.com/pc/genshin/entry/10759?lang=zh-cn","https://act-webstatic.hoyoverse.com/event-static-hoyowiki-admin/2026/05/15/ab4ca8789b216de5357f3686bcea2ef2_2359084499295082871.png","Artifacts/天之美赐_10759/Goblet/天之美赐_Goblet_10759.png","png","image/png","256","256","44219","e247297a1b299c79121bd60ba76a5eb6764ddf732b68c5e4d36ad480d79e2e84","","success",""
"Artifact","","天之美赐","天之美赐","Circlet","10759","https://wiki.hoyolab.com/pc/genshin/entry/10759?lang=zh-cn","https://act-webstatic.hoyoverse.com/event-static-hoyowiki-admin/2026/05/15/3dca399ac764602bd9ed4203e5897f54_8932222630076743991.png","Artifacts/天之美赐_10759/Circlet/天之美赐_Circlet_10759.png","png","image/png","256","256","65735","227031238efe317b5c9b834655c1b37bd20079dc9857cfecf14f8b44d825fd2c","","success",""
"Artifact","","风起之日","风起之日","Flower","9152","https://wiki.hoyolab.com/pc/genshin/entry/9152?lang=zh-cn","https://act-webstatic.hoyoverse.com/event-static-hoyowiki-admin/2026/01/12/0a7dc60bbf7ab92f1ca0e5b9f9243d1c_7442660727018953388.png","Artifacts/风起之日_9152/Flower/风起之日_Flower_9152.png","png","image/png","256","256","56004","e7778677ddd2968c5018e5f9878c37d37f5b50f2d2ea98c75eafe009fd804f78","","success",""
"Artifact","","风起之日","风起之日","Plume","9152","https://wiki.hoyolab.com/pc/genshin/entry/9152?lang=zh-cn","https://act-webstatic.hoyoverse.com/event-static-hoyowiki-admin/2026/01/12/7c4a7aca9f8325c6663239bbfa452ded_4271064323680356779.png","Artifacts/风起之日_9152/Plume/风起之日_Plume_9152.png","png","image/png","256","256","60624","d854685863527cd87649443c3a897d27c3c97dad33ef516f67f7604ce982d3fa","","success",""
"Artifact","","风起之日","风起之日","Sands","9152","https://wiki.hoyolab.com/pc/genshin/entry/9152?lang=zh-cn","https://act-webstatic.hoyoverse.com/event-static-hoyowiki-admin/2026/01/12/1aae7ed000fa89733c1e87117664f999_2134654613924172519.png","Artifacts/风起之日_9152/Sands/风起之日_Sands_9152.png","png","image/png","256","256","55706","faf029ddf1b9bffde7f6701b21977d0a6e846b1de6b4a30b4ae2fe44c8aac555","","success",""
"Artifact","","风起之日","风起之日","Goblet","9152","https://wiki.hoyolab.com/pc/genshin/entry/9152?lang=zh-cn","https://act-webstatic.hoyoverse.com/event-static-hoyowiki-admin/2026/01/12/1a94746531a931ca6745c9fa4f011aed_8164135404258058216.png","Artifacts/风起之日_9152/Goblet/风起之日_Goblet_9152.png","png","image/png","256","256","44654","c727c72b8e852ac0db0f4fc6c6b6e649d3a6189bb8ef0b27163ab8fad8bbf0b5","","success",""
"Artifact","","风起之日","风起之日","Circlet","9152","https://wiki.hoyolab.com/pc/genshin/entry/9152?lang=zh-cn","https://act-webstatic.hoyoverse.com/event-static-hoyowiki-admin/2026/01/12/8683a419d705e1fa6afe561017471bb7_7415561023225182014.png","Artifacts/风起之日_9152/Circlet/风起之日_Circlet_9152.png","png","image/png","256","256","59321","67dda87f294d68922721fd1c05ac38df81df6d3118fcf5122d81a40c9a4a1d1d","","success",""
"Artifact","","晨星与月的晓歌","晨星与月的晓歌","Flower","9151","https://wiki.hoyolab.com/pc/genshin/entry/9151?lang=zh-cn","https://act-webstatic.hoyoverse.com/event-static-hoyowiki-admin/2026/01/12/38f65c1a90f86c32fd7aae63e71a28f3_6290798225822963040.png","Artifacts/晨星与月的晓歌_9151/Flower/晨星与月的晓歌_Flower_9151.png","png","image/png","256","256","63828","0f9ec5464e1db971fe279afa4476111a86d1eed60513c0437cbbaf7a29951243","","success",""
"Artifact","","晨星与月的晓歌","晨星与月的晓歌","Plume","9151","https://wiki.hoyolab.com/pc/genshin/entry/9151?lang=zh-cn","https://act-webstatic.hoyoverse.com/event-static-hoyowiki-admin/2026/01/12/ef58ecfcb8906792c3a9b07c92586934_3343384077195352394.png","Artifacts/晨星与月的晓歌_9151/Plume/晨星与月的晓歌_Plume_9151.png","png","image/png","256","256","63282","fd174b4cf531cfcc1a8ab89cb1c237cddabdf930df6cec46678206353ea2d267","","success",""
"Artifact","","晨星与月的晓歌","晨星与月的晓歌","Sands","9151","https://wiki.hoyolab.com/pc/genshin/entry/9151?lang=zh-cn","https://act-webstatic.hoyoverse.com/event-static-hoyowiki-admin/2026/01/12/c7d1810c3806c2b48610e279dece177f_1563490298516630940.png","Artifacts/晨星与月的晓歌_9151/Sands/晨星与月的晓歌_Sands_9151.png","png","image/png","256","256","52407","6e8aebec35070e1bf05f25bcd8c36d6c10a408a959c5e65333cc5437624bfaa8","","success",""
"Artifact","","晨星与月的晓歌","晨星与月的晓歌","Goblet","9151","https://wiki.hoyolab.com/pc/genshin/entry/9151?lang=zh-cn","https://act-webstatic.hoyoverse.com/event-static-hoyowiki-admin/2026/01/12/64b42ee6b041482f631a62b2f209d0dd_7013981680230969021.png","Artifacts/晨星与月的晓歌_9151/Goblet/晨星与月的晓歌_Goblet_9151.png","png","image/png","256","256","41598","3935c0b2068a7a76c653ea22416f8502881e91952f4a609f76f8e3818ce38cb5","","success",""
"Artifact","","晨星与月的晓歌","晨星与月的晓歌","Circlet","9151","https://wiki.hoyolab.com/pc/genshin/entry/9151?lang=zh-cn","https://act-webstatic.hoyoverse.com/event-static-hoyowiki-admin/2026/01/12/a5234f105846c8169e8eed65a1d96043_8351982883712417192.png","Artifacts/晨星与月的晓歌_9151/Circlet/晨星与月的晓歌_Circlet_9151.png","png","image/png","256","256","56385","91e4d38b3c23f04f889c506a25d334da1c00951ccd159c32908d0929fbeb8528","","success",""
"Artifact","","纺月的夜歌","纺月的夜歌","Flower","8521","https://wiki.hoyolab.com/pc/genshin/entry/8521?lang=zh-cn","https://act-webstatic.hoyoverse.com/event-static-hoyowiki-admin/2025/09/01/cf017c10098946f6d3d19a6b2c49bd53_7064122714444153592.png","Artifacts/纺月的夜歌_8521/Flower/纺月的夜歌_Flower_8521.png","png","image/png","256","256","37602","3c0a16e9a995d996fcba3cc1aa18e85d44d06ee91e3fc4c7e1b5769560de6fb0","","success",""
"Artifact","","纺月的夜歌","纺月的夜歌","Plume","8521","https://wiki.hoyolab.com/pc/genshin/entry/8521?lang=zh-cn","https://act-webstatic.hoyoverse.com/event-static-hoyowiki-admin/2025/09/01/b8350998129a66e67c1a7691153da68d_6559589601591776539.png","Artifacts/纺月的夜歌_8521/Plume/纺月的夜歌_Plume_8521.png","png","image/png","256","256","42813","eaeee4da1ca985c3a61170de24092f658eb1a4a0a39ee983c7df3e7a615c7d8a","","success",""
"Artifact","","纺月的夜歌","纺月的夜歌","Sands","8521","https://wiki.hoyolab.com/pc/genshin/entry/8521?lang=zh-cn","https://act-webstatic.hoyoverse.com/event-static-hoyowiki-admin/2025/09/01/520482a32f80b5538d6d2e6dc8cc194a_3357590716156202832.png","Artifacts/纺月的夜歌_8521/Sands/纺月的夜歌_Sands_8521.png","png","image/png","256","256","38581","38cd89b03144dd7520f070a5e6a2fa8bca6095abdc570a13dead890f04119f06","","success",""
"Artifact","","纺月的夜歌","纺月的夜歌","Goblet","8521","https://wiki.hoyolab.com/pc/genshin/entry/8521?lang=zh-cn","https://act-webstatic.hoyoverse.com/event-static-hoyowiki-admin/2025/09/01/ee26872f032ed3afb25a542cbd3c93a2_8273369387328992297.png","Artifacts/纺月的夜歌_8521/Goblet/纺月的夜歌_Goblet_8521.png","png","image/png","256","256","28390","af34cdef444978de90f3388d907174d301cdda9710f5395cab6838e673f7badc","","success",""
"Artifact","","纺月的夜歌","纺月的夜歌","Circlet","8521","https://wiki.hoyolab.com/pc/genshin/entry/8521?lang=zh-cn","https://act-webstatic.hoyoverse.com/event-static-hoyowiki-admin/2025/09/01/a07cddd983ad4528ef4e92c399fa4117_1942671869509903838.png","Artifacts/纺月的夜歌_8521/Circlet/纺月的夜歌_Circlet_8521.png","png","image/png","256","256","40619","0301e24cefdadc2c224cd5c98b3c9a4f842492dd718d7942cb46e8fbbd50651c","","success",""
"Artifact","","穹境示现之夜","穹境示现之夜","Flower","8520","https://wiki.hoyolab.com/pc/genshin/entry/8520?lang=zh-cn","https://act-webstatic.hoyoverse.com/event-static-hoyowiki-admin/2025/09/01/7ce20dbf2ffc87b6b942c0f42d0b43d4_6363911804608985715.png","Artifacts/穹境示现之夜_8520/Flower/穹境示现之夜_Flower_8520.png","png","image/png","256","256","39904","ff7e038816683ca4ea285af4e53d231c1020f26e3b8e0292c6f717fcd378c2c8","","success",""
"Artifact","","穹境示现之夜","穹境示现之夜","Plume","8520","https://wiki.hoyolab.com/pc/genshin/entry/8520?lang=zh-cn","https://act-webstatic.hoyoverse.com/event-static-hoyowiki-admin/2025/09/01/25c4512875bad223765a5a32c82b09a4_7122872897984003318.png","Artifacts/穹境示现之夜_8520/Plume/穹境示现之夜_Plume_8520.png","png","image/png","256","256","39097","a4f904adbe66049ebf7e9b062921d3db420403a2619e75eedc0e531192d5a4b9","","success",""
"Artifact","","穹境示现之夜","穹境示现之夜","Sands","8520","https://wiki.hoyolab.com/pc/genshin/entry/8520?lang=zh-cn","https://act-webstatic.hoyoverse.com/event-static-hoyowiki-admin/2025/09/01/04dfdf0deae5f0fc58529dc89ee94d6f_3380820828725566086.png","Artifacts/穹境示现之夜_8520/Sands/穹境示现之夜_Sands_8520.png","png","image/png","256","256","36552","89d8925a85c15c1b570da1703aa0b8093f64a1880479f5ff1db2aa699a024784","","success",""
"Artifact","","穹境示现之夜","穹境示现之夜","Goblet","8520","https://wiki.hoyolab.com/pc/genshin/entry/8520?lang=zh-cn","https://act-webstatic.hoyoverse.com/event-static-hoyowiki-admin/2025/09/01/f474fffae44c4e7a91864113cf5b1f8e_6731765289436648875.png","Artifacts/穹境示现之夜_8520/Goblet/穹境示现之夜_Goblet_8520.png","png","image/png","256","256","29656","1f125877e4c6f9c55e707e0ac80bb9025b298920e56c37396e3b863326582944","","success",""
"Artifact","","穹境示现之夜","穹境示现之夜","Circlet","8520","https://wiki.hoyolab.com/pc/genshin/entry/8520?lang=zh-cn","https://act-webstatic.hoyoverse.com/event-static-hoyowiki-admin/2025/09/01/54a344dc5aca025fbb6cc60a80f7790d_1576492692040107165.png","Artifacts/穹境示现之夜_8520/Circlet/穹境示现之夜_Circlet_8520.png","png","image/png","256","256","35484","195b4bb2f0f50c33a8ab01ca81599d085b6d58c11f0c406a2a9fe85be51ff0bf","","success",""
"Artifact","","深廊终曲","深廊终曲","Flower","7572","https://wiki.hoyolab.com/pc/genshin/entry/7572?lang=zh-cn","https://act-webstatic.hoyoverse.com/event-static-hoyowiki-admin/2025/03/17/0e1f032906e5b4969af48952cd1e9dc8_7520234053582760823.png","Artifacts/深廊终曲_7572/Flower/深廊终曲_Flower_7572.png","png","image/png","256","256","54787","2a194faf37c51f8514519816e47bc20d887f59fcead52613d23a5f9d34868cda","","success",""
"Artifact","","深廊终曲","深廊终曲","Plume","7572","https://wiki.hoyolab.com/pc/genshin/entry/7572?lang=zh-cn","https://act-webstatic.hoyoverse.com/event-static-hoyowiki-admin/2025/03/17/bf39402f87db1168263c7c0898c8ab0c_4434336707917443666.png","Artifacts/深廊终曲_7572/Plume/深廊终曲_Plume_7572.png","png","image/png","256","256","52731","7e4776b55e878ec93416eff09ee67073a533a18bb24d96b4282c9f93f8ec47f2","","success",""
"Artifact","","深廊终曲","深廊终曲","Sands","7572","https://wiki.hoyolab.com/pc/genshin/entry/7572?lang=zh-cn","https://act-webstatic.hoyoverse.com/event-static-hoyowiki-admin/2025/03/17/968c157b2ae92b17e2e12f346ed306d3_3957606109059683084.png","Artifacts/深廊终曲_7572/Sands/深廊终曲_Sands_7572.png","png","image/png","256","256","62880","9f7dea906f96c71cb1eb967c82a476370d994425725b9f72a488554f182bf210","","success",""
"Artifact","","深廊终曲","深廊终曲","Goblet","7572","https://wiki.hoyolab.com/pc/genshin/entry/7572?lang=zh-cn","https://act-webstatic.hoyoverse.com/event-static-hoyowiki-admin/2025/03/17/c498b33d2359b12603471fd65bd22261_7001131486318823058.png","Artifacts/深廊终曲_7572/Goblet/深廊终曲_Goblet_7572.png","png","image/png","256","256","45973","9d03867c4322ab5acc293c8c7a0efb37b2863a3f8e22de1dff80c23b6bb40d3f","","success",""
"Artifact","","深廊终曲","深廊终曲","Circlet","7572","https://wiki.hoyolab.com/pc/genshin/entry/7572?lang=zh-cn","https://act-webstatic.hoyoverse.com/event-static-hoyowiki-admin/2025/03/17/2a6efc1386ae931f69a7283451487697_4821946115247116338.png","Artifacts/深廊终曲_7572/Circlet/深廊终曲_Circlet_7572.png","png","image/png","256","256","63628","dffe456240b2bf2538986ceaa6b08b050ffaae33332189e0a710a780f81d315d","","success",""
"Artifact","","长夜之誓","长夜之誓","Flower","7571","https://wiki.hoyolab.com/pc/genshin/entry/7571?lang=zh-cn","https://act-webstatic.hoyoverse.com/event-static-hoyowiki-admin/2025/03/17/05fda276bef09554c8f211f522d0af40_1290506833468245966.png","Artifacts/长夜之誓_7571/Flower/长夜之誓_Flower_7571.png","png","image/png","256","256","51009","ef9d6ca579f591b0c04f4b79fb3ceba6a89c1982f03fabfe62654fcf1bc1c3b4","","success",""
"Artifact","","长夜之誓","长夜之誓","Plume","7571","https://wiki.hoyolab.com/pc/genshin/entry/7571?lang=zh-cn","https://act-webstatic.hoyoverse.com/event-static-hoyowiki-admin/2025/03/17/3cf2511dfb1f91696a0ee986e5f1fb22_3371878648281977517.png","Artifacts/长夜之誓_7571/Plume/长夜之誓_Plume_7571.png","png","image/png","256","256","56733","d6c5a48d9dad15e30dd1b46aa5c2c17437ed55db7501b40e8730581f13b93168","","success",""
"Artifact","","长夜之誓","长夜之誓","Sands","7571","https://wiki.hoyolab.com/pc/genshin/entry/7571?lang=zh-cn","https://act-webstatic.hoyoverse.com/event-static-hoyowiki-admin/2025/03/17/a3e5d377be8f8a8104334ae67f6c9ad4_5448561950892900897.png","Artifacts/长夜之誓_7571/Sands/长夜之誓_Sands_7571.png","png","image/png","256","256","53000","34a47ce3162af6cded337c1a2aaf291aca8eb59ec2154f76a58ef4ffb05b08d5","","success",""
"Artifact","","长夜之誓","长夜之誓","Goblet","7571","https://wiki.hoyolab.com/pc/genshin/entry/7571?lang=zh-cn","https://act-webstatic.hoyoverse.com/event-static-hoyowiki-admin/2025/03/17/16b85e568d3142cb76a402c1f2a2ba3b_6000909972545702054.png","Artifacts/长夜之誓_7571/Goblet/长夜之誓_Goblet_7571.png","png","image/png","256","256","44705","613cac3995ac54fb53865239b0a8ed95876ddcb08e8c51bcb902766f0b5633d5","","success",""
"Artifact","","长夜之誓","长夜之誓","Circlet","7571","https://wiki.hoyolab.com/pc/genshin/entry/7571?lang=zh-cn","https://act-webstatic.hoyoverse.com/event-static-hoyowiki-admin/2025/03/17/a31853ec22fd57e5d86d57410b9f29ab_3854054807161215062.png","Artifacts/长夜之誓_7571/Circlet/长夜之誓_Circlet_7571.png","png","image/png","256","256","38884","2af81cdce5baf0ecd64a389286e1450fa00e22347b0deffc791722ef5b3583eb","","success",""
"Artifact","","黑曜秘典","黑曜秘典","Flower","6554","https://wiki.hoyolab.com/pc/genshin/entry/6554?lang=zh-cn","https://act-webstatic.hoyoverse.com/event-static-hoyowiki-admin/2024/08/23/f1c9b10136958bf2133db02dfa6b688f_6157722208608787565.png","Artifacts/黑曜秘典_6554/Flower/黑曜秘典_Flower_6554.png","png","image/png","256","256","98288","3e8e210867ba25543e1a4d8c3072136015f2044f521fb904075051144fa154dd","","success",""
"Artifact","","黑曜秘典","黑曜秘典","Plume","6554","https://wiki.hoyolab.com/pc/genshin/entry/6554?lang=zh-cn","https://act-webstatic.hoyoverse.com/event-static-hoyowiki-admin/2024/08/23/cd11df3be5420d2c53c2da0d3298eb92_4238581052558034331.png","Artifacts/黑曜秘典_6554/Plume/黑曜秘典_Plume_6554.png","png","image/png","256","256","96750","c16b00d4ddee47f3100da4d55e8c4ae6ca18cc160907178ecc7406bd012a307f","","success",""
"Artifact","","黑曜秘典","黑曜秘典","Sands","6554","https://wiki.hoyolab.com/pc/genshin/entry/6554?lang=zh-cn","https://act-webstatic.hoyoverse.com/event-static-hoyowiki-admin/2024/08/23/c8beccbbaad367c54a75b4967ad97b0e_2180942505065324006.png","Artifacts/黑曜秘典_6554/Sands/黑曜秘典_Sands_6554.png","png","image/png","256","256","74846","f76b80f3cc0c7e0e123023ca15736f1833875fba23d47d023553252679fc5e07","","success",""
"Artifact","","黑曜秘典","黑曜秘典","Goblet","6554","https://wiki.hoyolab.com/pc/genshin/entry/6554?lang=zh-cn","https://act-webstatic.hoyoverse.com/event-static-hoyowiki-admin/2024/08/23/7d671f861ea037febc1e4d2a15cbfb73_5145216481466413723.png","Artifacts/黑曜秘典_6554/Goblet/黑曜秘典_Goblet_6554.png","png","image/png","256","256","79800","9ec85ffc0f78c6d7b3103c73a1b298af9deda792b14affc47df4913989ea0e23","","success",""
"Artifact","","黑曜秘典","黑曜秘典","Circlet","6554","https://wiki.hoyolab.com/pc/genshin/entry/6554?lang=zh-cn","https://act-webstatic.hoyoverse.com/event-static-hoyowiki-admin/2024/08/23/7f54914c919ac28a4d45fa1649bf02e2_5641403472427901403.png","Artifacts/黑曜秘典_6554/Circlet/黑曜秘典_Circlet_6554.png","png","image/png","256","256","100660","6f304515fe733fbfe55e12cc1071988a568193745c47567a415f7766fc271bb2","","success",""
"Artifact","","烬城勇者绘卷","烬城勇者绘卷","Flower","6553","https://wiki.hoyolab.com/pc/genshin/entry/6553?lang=zh-cn","https://act-webstatic.hoyoverse.com/event-static-hoyowiki-admin/2024/08/23/6055f18fb691b61cef38b7e67460b60d_6490807548223228609.png","Artifacts/烬城勇者绘卷_6553/Flower/烬城勇者绘卷_Flower_6553.png","png","image/png","256","256","64788","79a3f80a31da4aa3acc0124db146ce316a9c2cc5153c2295e39fd0d6ecd45bcd","","success",""
"Artifact","","烬城勇者绘卷","烬城勇者绘卷","Plume","6553","https://wiki.hoyolab.com/pc/genshin/entry/6553?lang=zh-cn","https://act-webstatic.hoyoverse.com/event-static-hoyowiki-admin/2024/08/23/6ad5095f324c2da829ecaa5e2ed13af9_2791497672459683103.png","Artifacts/烬城勇者绘卷_6553/Plume/烬城勇者绘卷_Plume_6553.png","png","image/png","256","256","62207","c5da59e02f72891ec08fd326ad318f2310bbe109ab033f381b51cd88ffbf1ed9","","success",""
"Artifact","","烬城勇者绘卷","烬城勇者绘卷","Sands","6553","https://wiki.hoyolab.com/pc/genshin/entry/6553?lang=zh-cn","https://act-webstatic.hoyoverse.com/event-static-hoyowiki-admin/2024/08/23/a2ae1599bf777b2faaa24dc4e629cf4c_2042174925391819788.png","Artifacts/烬城勇者绘卷_6553/Sands/烬城勇者绘卷_Sands_6553.png","png","image/png","256","256","57018","34463e52e35ef9fa2b4c893bcb244029816bba1b113495e50e24788dea29342f","","success",""
"Artifact","","烬城勇者绘卷","烬城勇者绘卷","Goblet","6553","https://wiki.hoyolab.com/pc/genshin/entry/6553?lang=zh-cn","https://act-webstatic.hoyoverse.com/event-static-hoyowiki-admin/2024/08/23/4d6b0bc9d58b7422f9a526a07db0121e_5191437028020188740.png","Artifacts/烬城勇者绘卷_6553/Goblet/烬城勇者绘卷_Goblet_6553.png","png","image/png","256","256","40265","e0cf8a5f48889a919e3b7f8d7193a892710f858435d0c8dbdb261049400d1ccc","","success",""
"Artifact","","烬城勇者绘卷","烬城勇者绘卷","Circlet","6553","https://wiki.hoyolab.com/pc/genshin/entry/6553?lang=zh-cn","https://act-webstatic.hoyoverse.com/event-static-hoyowiki-admin/2024/08/23/8dd572d52a191ab5eb1be208f13ae321_4880360490369502400.png","Artifacts/烬城勇者绘卷_6553/Circlet/烬城勇者绘卷_Circlet_6553.png","png","image/png","256","256","65885","65fb9c9b85cbc804d65ef04c912368ed9c973e2ad9d79b684f1a75a204482647","","success",""
"Artifact","","未竟的遐思","未竟的遐思","Flower","5579","https://wiki.hoyolab.com/pc/genshin/entry/5579?lang=zh-cn","https://act-webstatic.hoyoverse.com/event-static-hoyowiki-admin/2024/04/24/be0eae1774ad7d59a3eeeb5c6620ff04_7706930216708045009.png","Artifacts/未竟的遐思_5579/Flower/未竟的遐思_Flower_5579.png","png","image/png","256","256","73998","bb9b6fc22dbdb292d77375b909214db15030b2a528a904601229c7ab32599386","","success",""
"Artifact","","未竟的遐思","未竟的遐思","Plume","5579","https://wiki.hoyolab.com/pc/genshin/entry/5579?lang=zh-cn","https://act-webstatic.hoyoverse.com/event-static-hoyowiki-admin/2024/04/24/356c6b0e1be129282f759d8844872c7d_2911260570448763671.png","Artifacts/未竟的遐思_5579/Plume/未竟的遐思_Plume_5579.png","png","image/png","256","256","69057","adbd7264083d3bc6e0e141e4619858c37e5585830f76dc419ef72bdcbca9c1af","","success",""
"Artifact","","未竟的遐思","未竟的遐思","Sands","5579","https://wiki.hoyolab.com/pc/genshin/entry/5579?lang=zh-cn","https://act-webstatic.hoyoverse.com/event-static-hoyowiki-admin/2024/04/24/961efd0280cfadc4952d4c6712779ae0_5198113777324256516.png","Artifacts/未竟的遐思_5579/Sands/未竟的遐思_Sands_5579.png","png","image/png","256","256","67993","3b233995409d8f1985197d6b318dc671217ab4c06e4899da5f9842a8fec98fac","","success",""
"Artifact","","未竟的遐思","未竟的遐思","Goblet","5579","https://wiki.hoyolab.com/pc/genshin/entry/5579?lang=zh-cn","https://act-webstatic.hoyoverse.com/event-static-hoyowiki-admin/2024/04/24/2715fda27d0c7648a18d86e63c0acde6_74506093822425326.png","Artifacts/未竟的遐思_5579/Goblet/未竟的遐思_Goblet_5579.png","png","image/png","256","256","53814","7a123950ae28fc56300e43103a066a95be246015261d91a27d5664cf20d80341","","success",""
"Artifact","","未竟的遐思","未竟的遐思","Circlet","5579","https://wiki.hoyolab.com/pc/genshin/entry/5579?lang=zh-cn","https://act-webstatic.hoyoverse.com/event-static-hoyowiki-admin/2024/04/24/925dc4dabaecad2b23d09b55aab1ddfa_3872589593012142520.png","Artifacts/未竟的遐思_5579/Circlet/未竟的遐思_Circlet_5579.png","png","image/png","256","256","78630","e92ec5197300b94444529c97ed1e291dec470b0df558174f2ea14009fd613904","","success",""
"Artifact","","谐律异想断章","谐律异想断章","Flower","5578","https://wiki.hoyolab.com/pc/genshin/entry/5578?lang=zh-cn","https://act-webstatic.hoyoverse.com/event-static-hoyowiki-admin/2024/04/24/6821618a8429049eb3ccee4e07d2711f_694231563758205175.png","Artifacts/谐律异想断章_5578/Flower/谐律异想断章_Flower_5578.png","png","image/png","256","256","62486","8b8c5c7a47893ad0fbb4137f7576117ef616e6fbf9809703bae6d01f839d22f3","","success",""
"Artifact","","谐律异想断章","谐律异想断章","Plume","5578","https://wiki.hoyolab.com/pc/genshin/entry/5578?lang=zh-cn","https://act-webstatic.hoyoverse.com/event-static-hoyowiki-admin/2024/04/24/7557f4558ab243d82e8b6b9994fc97ee_7049965257988970706.png","Artifacts/谐律异想断章_5578/Plume/谐律异想断章_Plume_5578.png","png","image/png","256","256","67406","582097fc17e89b8993d79dae8016107f554cd0e1e0021faab6c597ac0a3ec1b0","","success",""
"Artifact","","谐律异想断章","谐律异想断章","Sands","5578","https://wiki.hoyolab.com/pc/genshin/entry/5578?lang=zh-cn","https://act-webstatic.hoyoverse.com/event-static-hoyowiki-admin/2024/04/24/8a60b825d5c4ea6a98ca21ae0d1ccc72_307495920493492963.png","Artifacts/谐律异想断章_5578/Sands/谐律异想断章_Sands_5578.png","png","image/png","256","256","58305","bb7c20d690a3cffae27413f2b63b4fa1cb15efcff650b9ddfa89c00d796b5452","","success",""
"Artifact","","谐律异想断章","谐律异想断章","Goblet","5578","https://wiki.hoyolab.com/pc/genshin/entry/5578?lang=zh-cn","https://act-webstatic.hoyoverse.com/event-static-hoyowiki-admin/2024/04/24/7df24b7057d7243b568a5a1eafa8ca1a_2611552752890561317.png","Artifacts/谐律异想断章_5578/Goblet/谐律异想断章_Goblet_5578.png","png","image/png","256","256","53768","919c1dce2433f78e61feedc309a2d378c5164adb492b8bd0c25c56da5188be82","","success",""
"Artifact","","谐律异想断章","谐律异想断章","Circlet","5578","https://wiki.hoyolab.com/pc/genshin/entry/5578?lang=zh-cn","https://act-webstatic.hoyoverse.com/event-static-hoyowiki-admin/2024/04/24/e68d2442bdc24bbbb13e6a22e4b38693_6863197715435008561.png","Artifacts/谐律异想断章_5578/Circlet/谐律异想断章_Circlet_5578.png","png","image/png","256","256","65663","4396499833fbdce03efd122f7e57059d1faa10959b27f6167e6f30250f487e36","","success",""
"Artifact","","昔时之歌","昔时之歌","Flower","4717","https://wiki.hoyolab.com/pc/genshin/entry/4717?lang=zh-cn","https://act-upload.hoyoverse.com/event-ugc-hoyowiki/2023/12/19/157749474/111d739805a42b2d74bf4bb677939b70_6547651101075453859.png","Artifacts/昔时之歌_4717/Flower/昔时之歌_Flower_4717.png","png","image/png","256","256","64784","91ec6cd230b280253708fb2b7c099ad9f1854ba72de161314e48afe38fc8758b","","success",""
"Artifact","","昔时之歌","昔时之歌","Plume","4717","https://wiki.hoyolab.com/pc/genshin/entry/4717?lang=zh-cn","https://act-upload.hoyoverse.com/event-ugc-hoyowiki/2023/12/19/157749474/7789fb5e684cf95a7011657d0fa8a971_3661329420400099573.png","Artifacts/昔时之歌_4717/Plume/昔时之歌_Plume_4717.png","png","image/png","256","256","73390","a7cbcb0ab74d0ea961ade116a77165d3f075fd00587dcfe9a4b406c18399fe60","","success",""
"Artifact","","昔时之歌","昔时之歌","Sands","4717","https://wiki.hoyolab.com/pc/genshin/entry/4717?lang=zh-cn","https://act-upload.hoyoverse.com/event-ugc-hoyowiki/2023/12/19/157749474/cb19bd226823287c1019b7734aa59dfd_2584837116255749477.png","Artifacts/昔时之歌_4717/Sands/昔时之歌_Sands_4717.png","png","image/png","256","256","58701","27dab0c985402573b445fe36fbe8294e256456ce6138ff6ac9f5c6e395498aef","","success",""
"Artifact","","昔时之歌","昔时之歌","Goblet","4717","https://wiki.hoyolab.com/pc/genshin/entry/4717?lang=zh-cn","https://act-upload.hoyoverse.com/event-ugc-hoyowiki/2023/12/19/157749474/cbc1ed71c7c29bdf0c32a1c4eee4ff70_6964723436707460927.png","Artifacts/昔时之歌_4717/Goblet/昔时之歌_Goblet_4717.png","png","image/png","256","256","55226","d8759cc29fd09ee856d9321b350a5759368ec9039d9051b0a689d9dea2175063","","success",""
"Artifact","","昔时之歌","昔时之歌","Circlet","4717","https://wiki.hoyolab.com/pc/genshin/entry/4717?lang=zh-cn","https://act-upload.hoyoverse.com/event-ugc-hoyowiki/2023/12/19/157749474/6e9a0be1b44bfdc612da88a1c187148d_150883745846075274.png","Artifacts/昔时之歌_4717/Circlet/昔时之歌_Circlet_4717.png","png","image/png","256","256","60114","35d888f1f740034b6ff9d2391778f1067c240fd4c3b65b00f74d8e468c77c378","","success",""
"Artifact","","回声之林夜话","回声之林夜话","Flower","4716","https://wiki.hoyolab.com/pc/genshin/entry/4716?lang=zh-cn","https://act-upload.hoyoverse.com/event-ugc-hoyowiki/2023/12/19/157749474/55b397257c1f688f6ab611cf1b6567e1_8974281234463038038.png","Artifacts/回声之林夜话_4716/Flower/回声之林夜话_Flower_4716.png","png","image/png","256","256","63258","a165fbae3197986f1b0eeef386995afa8439f4897778e2c19df7d55f3c52bc2d","","success",""
"Artifact","","回声之林夜话","回声之林夜话","Plume","4716","https://wiki.hoyolab.com/pc/genshin/entry/4716?lang=zh-cn","https://act-upload.hoyoverse.com/event-ugc-hoyowiki/2023/12/19/157749474/d9d39d9f046d5d23c3d497574be55a82_3374603816293043337.png","Artifacts/回声之林夜话_4716/Plume/回声之林夜话_Plume_4716.png","png","image/png","256","256","61821","fbc63fdff949a1ef77e9f3b40aab5fa58b99d40a2ecc3772cdbb7ea7388f3203","","success",""
"Artifact","","回声之林夜话","回声之林夜话","Sands","4716","https://wiki.hoyolab.com/pc/genshin/entry/4716?lang=zh-cn","https://act-upload.hoyoverse.com/event-ugc-hoyowiki/2023/12/19/157749474/f319dfcbe0c561fc66f06def271298ed_1906261082466906038.png","Artifacts/回声之林夜话_4716/Sands/回声之林夜话_Sands_4716.png","png","image/png","256","256","57871","235b58914c1be05c04b6474ac6d1f79758af0a24293656f08fe370fc055eb417","","success",""
"Artifact","","回声之林夜话","回声之林夜话","Goblet","4716","https://wiki.hoyolab.com/pc/genshin/entry/4716?lang=zh-cn","https://act-upload.hoyoverse.com/event-ugc-hoyowiki/2023/12/19/157749474/b14fd20a3b0aadd16b52e7ea72596745_5080836909219297672.png","Artifacts/回声之林夜话_4716/Goblet/回声之林夜话_Goblet_4716.png","png","image/png","256","256","41331","a1f38d92ed0245d1975bfcd717ae906dc111507bcb5c2845b0c7c1dd39a4fc6c","","success",""
"Artifact","","回声之林夜话","回声之林夜话","Circlet","4716","https://wiki.hoyolab.com/pc/genshin/entry/4716?lang=zh-cn","https://act-upload.hoyoverse.com/event-ugc-hoyowiki/2023/12/19/157749474/81147a28166df7fec906ce279a2a5c7f_1703624563461010793.png","Artifacts/回声之林夜话_4716/Circlet/回声之林夜话_Circlet_4716.png","png","image/png","256","256","58628","f3e8cf731f91a65f857c8268a99cce7e3948692f2584ec123598150c2ce9f2ef","","success",""
"Artifact","","黄金剧团","黄金剧团","Flower","3991","https://wiki.hoyolab.com/pc/genshin/entry/3991?lang=zh-cn","https://upload-static.hoyoverse.com/hoyolab-wiki/2023/08/14/88072335/6d62d7a59b21810f30a7e74f21998494_7445494417960212011.png","Artifacts/黄金剧团_3991/Flower/黄金剧团_Flower_3991.png","png","image/png","256","256","67684","32903e335c5cd9d797aefd7ed72b707d8f8f0e2bd41187feea94c4e4cd1ca571","","success",""
"Artifact","","黄金剧团","黄金剧团","Plume","3991","https://wiki.hoyolab.com/pc/genshin/entry/3991?lang=zh-cn","https://upload-static.hoyoverse.com/hoyolab-wiki/2023/08/14/88072335/c32bab10651059ad3c0c8a0e5bbd2e03_5424504174202920945.png","Artifacts/黄金剧团_3991/Plume/黄金剧团_Plume_3991.png","png","image/png","256","256","65494","972e610e623948d6b41abca2c8080d24ca3cc0e89be95dfc27f7766170d36051","","success",""
"Artifact","","黄金剧团","黄金剧团","Sands","3991","https://wiki.hoyolab.com/pc/genshin/entry/3991?lang=zh-cn","https://upload-static.hoyoverse.com/hoyolab-wiki/2023/08/14/88072335/10c41dd09f04615c3ff216fda90bff72_8368821233653067217.png","Artifacts/黄金剧团_3991/Sands/黄金剧团_Sands_3991.png","png","image/png","256","256","70287","c98beef15bcc59e183e6540b81026e86308efacf51e5094bc84a1d4355054baf","","success",""
"Artifact","","黄金剧团","黄金剧团","Goblet","3991","https://wiki.hoyolab.com/pc/genshin/entry/3991?lang=zh-cn","https://upload-static.hoyoverse.com/hoyolab-wiki/2023/08/14/88072335/8e44740c21afd286149109475c157ed1_7396912772645348401.png","Artifacts/黄金剧团_3991/Goblet/黄金剧团_Goblet_3991.png","png","image/png","256","256","57072","e2794816af2de4122877d7462fc8925cbefddb2a8f00392154bf498567248f39","","success",""
"Artifact","","黄金剧团","黄金剧团","Circlet","3991","https://wiki.hoyolab.com/pc/genshin/entry/3991?lang=zh-cn","https://upload-static.hoyoverse.com/hoyolab-wiki/2023/08/14/88072335/a8668d27d97594684bb7ff73aad22cdd_4971474731023373191.png","Artifacts/黄金剧团_3991/Circlet/黄金剧团_Circlet_3991.png","png","image/png","256","256","76611","019e53cc08197be0ed35293ba0017bb48f9e5018b5b43824b2243b0e85c974ee","","success",""
"Artifact","","逐影猎人","逐影猎人","Flower","3990","https://wiki.hoyolab.com/pc/genshin/entry/3990?lang=zh-cn","https://upload-static.hoyoverse.com/hoyolab-wiki/2023/08/14/88072335/26650d6cbdc6b6a48ca5094dfe4582ab_3503367929782343503.png","Artifacts/逐影猎人_3990/Flower/逐影猎人_Flower_3990.png","png","image/png","256","256","60973","a596a213ab083a2e381768dc4451e101036b5aba8fe3330b583b83e9dd6b52cb","","success",""
"Artifact","","逐影猎人","逐影猎人","Plume","3990","https://wiki.hoyolab.com/pc/genshin/entry/3990?lang=zh-cn","https://upload-static.hoyoverse.com/hoyolab-wiki/2023/08/14/88072335/539b03bed1057707abd643147e18abde_368390775010323421.png","Artifacts/逐影猎人_3990/Plume/逐影猎人_Plume_3990.png","png","image/png","256","256","70253","60c110a18017eea9be14c2b3006e0a79284a8841b664e8cfc5282a44ddcc13d5","","success",""
"Artifact","","逐影猎人","逐影猎人","Sands","3990","https://wiki.hoyolab.com/pc/genshin/entry/3990?lang=zh-cn","https://upload-static.hoyoverse.com/hoyolab-wiki/2023/08/14/88072335/77b5fbe7f1897a203e19bdabb8b884f4_2367584563516914616.png","Artifacts/逐影猎人_3990/Sands/逐影猎人_Sands_3990.png","png","image/png","256","256","56601","02185496a0439ad3054c865bdf3d20b422f3781884a822aef98e7e3ed647d83d","","success",""
"Artifact","","逐影猎人","逐影猎人","Goblet","3990","https://wiki.hoyolab.com/pc/genshin/entry/3990?lang=zh-cn","https://upload-static.hoyoverse.com/hoyolab-wiki/2023/08/14/88072335/11a22edcd81c3d43934f3c760cf982ef_6852157376644490002.png","Artifacts/逐影猎人_3990/Goblet/逐影猎人_Goblet_3990.png","png","image/png","256","256","42175","e00a446cc7776afac81add682d35a388b350ecb328741d93fc79d7e2a95fa365","","success",""
"Artifact","","逐影猎人","逐影猎人","Circlet","3990","https://wiki.hoyolab.com/pc/genshin/entry/3990?lang=zh-cn","https://upload-static.hoyoverse.com/hoyolab-wiki/2023/08/14/88072335/11299d1dfa8e57cf0047d2145ba4078d_2116848657499379782.png","Artifacts/逐影猎人_3990/Circlet/逐影猎人_Circlet_3990.png","png","image/png","256","256","72511","ce5d2f3ec2ee29189037f276f598e85f76c2d11c1fb3aa828f31db2292b3e480","","success",""
"Artifact","","花海甘露之光","花海甘露之光","Flower","3694","https://wiki.hoyolab.com/pc/genshin/entry/3694?lang=zh-cn","https://upload-static.hoyoverse.com/hoyolab-wiki/2023/04/12/47826599/fce888d514d4c5115035d43514d7065d_3221188668740589534.png","Artifacts/花海甘露之光_3694/Flower/花海甘露之光_Flower_3694.png","png","image/png","256","256","60339","6b87c01afaad8b55bf9ea473d97fb55f2264b06637994ef3dd6a81f79cf251fa","","success",""
"Artifact","","花海甘露之光","花海甘露之光","Plume","3694","https://wiki.hoyolab.com/pc/genshin/entry/3694?lang=zh-cn","https://upload-static.hoyoverse.com/hoyolab-wiki/2023/04/12/47826599/bc9329baf36935b2fb094f783a7695f2_7451329510866669353.png","Artifacts/花海甘露之光_3694/Plume/花海甘露之光_Plume_3694.png","png","image/png","256","256","67633","c9cc12d127aca1d12326936b813312227baa90ba881dda3a9724589fc9955e1c","","success",""
"Artifact","","花海甘露之光","花海甘露之光","Sands","3694","https://wiki.hoyolab.com/pc/genshin/entry/3694?lang=zh-cn","https://upload-static.hoyoverse.com/hoyolab-wiki/2023/04/12/47826599/65916b37803325834f0f5f8dac66ad9a_1036333148178053949.png","Artifacts/花海甘露之光_3694/Sands/花海甘露之光_Sands_3694.png","png","image/png","256","256","53760","a6056932cf285ea5ee22d2da5a62765c30354cf0725bf5d17e5cd5aa83fb2e6c","","success",""
"Artifact","","花海甘露之光","花海甘露之光","Goblet","3694","https://wiki.hoyolab.com/pc/genshin/entry/3694?lang=zh-cn","https://upload-static.hoyoverse.com/hoyolab-wiki/2023/04/12/47826599/70bb0ce74b0823c06d4228861df7aebe_329756718155095415.png","Artifacts/花海甘露之光_3694/Goblet/花海甘露之光_Goblet_3694.png","png","image/png","256","256","43104","5a36b5eb700ecbf0234d336d0d7585c4d49d5e33785af17a107de46722c60488","","success",""
"Artifact","","花海甘露之光","花海甘露之光","Circlet","3694","https://wiki.hoyolab.com/pc/genshin/entry/3694?lang=zh-cn","https://upload-static.hoyoverse.com/hoyolab-wiki/2023/04/12/47826599/ba10e34aa87726117ebad3dee1a40e4c_4607367822757603922.png","Artifacts/花海甘露之光_3694/Circlet/花海甘露之光_Circlet_3694.png","png","image/png","256","256","59070","929c0c841c4465ade5851f81ae3a101133a2a062df6d30b9a9321f6bbb1a8645","","success",""
"Artifact","","水仙之梦","水仙之梦","Flower","3693","https://wiki.hoyolab.com/pc/genshin/entry/3693?lang=zh-cn","https://upload-static.hoyoverse.com/hoyolab-wiki/2023/04/12/47826599/8dec1cd42cd80eda05b913fade0f5422_3676944685879190214.png","Artifacts/水仙之梦_3693/Flower/水仙之梦_Flower_3693.png","png","image/png","256","256","66777","582f46757a89c207dc397cabdade8067448ab7994e77233c3f851fd6ab674d2f","","success",""
"Artifact","","水仙之梦","水仙之梦","Plume","3693","https://wiki.hoyolab.com/pc/genshin/entry/3693?lang=zh-cn","https://upload-static.hoyoverse.com/hoyolab-wiki/2023/04/12/47826599/1bde348ad550ef356ff197b93caed6c8_951314466966855024.png","Artifacts/水仙之梦_3693/Plume/水仙之梦_Plume_3693.png","png","image/png","256","256","66452","fce0597b8cd2456bf7c6811128399442501aa5f4b7ce399d1a903969cc5e7101","","success",""
"Artifact","","水仙之梦","水仙之梦","Sands","3693","https://wiki.hoyolab.com/pc/genshin/entry/3693?lang=zh-cn","https://upload-static.hoyoverse.com/hoyolab-wiki/2023/04/12/47826599/dbbea8a478949256621433ea777a438d_5486196040354675436.png","Artifacts/水仙之梦_3693/Sands/水仙之梦_Sands_3693.png","png","image/png","256","256","61356","64788796babcf5aaa41e5200760692cd5b630848646aa09361bde0d0c0085982","","success",""
"Artifact","","水仙之梦","水仙之梦","Goblet","3693","https://wiki.hoyolab.com/pc/genshin/entry/3693?lang=zh-cn","https://upload-static.hoyoverse.com/hoyolab-wiki/2023/04/12/47826599/78ca65a64de4a2f6f25d7a537928c620_5430838250604728187.png","Artifacts/水仙之梦_3693/Goblet/水仙之梦_Goblet_3693.png","png","image/png","256","256","45532","9e611cdf40cccfc7bca0db9f7534e4e5fd9cdf4ec2d8656238a2f27bc2f4e1fd","","success",""
"Artifact","","水仙之梦","水仙之梦","Circlet","3693","https://wiki.hoyolab.com/pc/genshin/entry/3693?lang=zh-cn","https://upload-static.hoyoverse.com/hoyolab-wiki/2023/04/12/47826599/42d75466608199483d74bf1704d4d50f_2660625908599277839.png","Artifacts/水仙之梦_3693/Circlet/水仙之梦_Circlet_3693.png","png","image/png","256","256","64795","093fd2a06cf9a7891afd8d44ae638b5c226dd128f35026193abb35e463b39196","","success",""
"Artifact","","沙上楼阁史话","沙上楼阁史话","Flower","3322","https://wiki.hoyolab.com/pc/genshin/entry/3322?lang=zh-cn","https://upload-static.hoyoverse.com/hoyolab-wiki/2022/12/07/36540823/999a78b73235c08ca4a0664a23e7079f_2530953698871693504.png","Artifacts/沙上楼阁史话_3322/Flower/沙上楼阁史话_Flower_3322.png","png","image/png","256","256","62780","c2e998aaedbb178563509b020296245de55e85658a2b690dfea033d0ef2064eb","","success",""
"Artifact","","沙上楼阁史话","沙上楼阁史话","Plume","3322","https://wiki.hoyolab.com/pc/genshin/entry/3322?lang=zh-cn","https://upload-static.hoyoverse.com/hoyolab-wiki/2022/12/07/36540823/b86d9fd7cf57937a021c9c68c9b185ed_7125733644930815792.png","Artifacts/沙上楼阁史话_3322/Plume/沙上楼阁史话_Plume_3322.png","png","image/png","256","256","64645","e9f09119d556a287bf73cb5cf3aef8a4c5b3edc32965d59bdd57d36c6542ebf2","","success",""
"Artifact","","沙上楼阁史话","沙上楼阁史话","Sands","3322","https://wiki.hoyolab.com/pc/genshin/entry/3322?lang=zh-cn","https://upload-static.hoyoverse.com/hoyolab-wiki/2022/12/07/36540823/0c319d4054751adc08be47eee0ebad53_5383093074825252734.png","Artifacts/沙上楼阁史话_3322/Sands/沙上楼阁史话_Sands_3322.png","png","image/png","256","256","50539","5aea942a7168bfc71f3e2733824ae6401804f8618b56d148788f8860cabf9789","","success",""
"Artifact","","沙上楼阁史话","沙上楼阁史话","Goblet","3322","https://wiki.hoyolab.com/pc/genshin/entry/3322?lang=zh-cn","https://upload-static.hoyoverse.com/hoyolab-wiki/2022/12/07/36540823/6fdd4f75d233d1690e845a2db65ba433_7855556844917106187.png","Artifacts/沙上楼阁史话_3322/Goblet/沙上楼阁史话_Goblet_3322.png","png","image/png","256","256","45533","3a3785f36ea2cb1a75de0c5c3bae9b279a97da43a4ddebc3a71ef8aed14f77fb","","success",""
"Artifact","","沙上楼阁史话","沙上楼阁史话","Circlet","3322","https://wiki.hoyolab.com/pc/genshin/entry/3322?lang=zh-cn","https://upload-static.hoyoverse.com/hoyolab-wiki/2022/12/07/36540823/88ca09ebc7ed0069e8e8de5516bea8c7_8501133069678798119.png","Artifacts/沙上楼阁史话_3322/Circlet/沙上楼阁史话_Circlet_3322.png","png","image/png","256","256","55035","337fe337718781db7e2e2ed9736f3b75fea207b29b4a335ad981bdacf0c29ad6","","success",""
"Artifact","","乐园遗落之花","乐园遗落之花","Flower","3321","https://wiki.hoyolab.com/pc/genshin/entry/3321?lang=zh-cn","https://upload-static.hoyoverse.com/hoyolab-wiki/2022/12/07/36540823/d0dac0543a776782f0496bf908870291_7076878518429269543.png","Artifacts/乐园遗落之花_3321/Flower/乐园遗落之花_Flower_3321.png","png","image/png","256","256","66929","c9bd6f1fb233958833f0d9872de767c8938fe6a010c903ac46c6db0e29a6cb41","","success",""
"Artifact","","乐园遗落之花","乐园遗落之花","Plume","3321","https://wiki.hoyolab.com/pc/genshin/entry/3321?lang=zh-cn","https://upload-static.hoyoverse.com/hoyolab-wiki/2022/12/07/36540823/50ce09dfa5a91a33aa9cedfb15bcf2d1_479225408001922961.png","Artifacts/乐园遗落之花_3321/Plume/乐园遗落之花_Plume_3321.png","png","image/png","256","256","75886","b0893e1378eec97efcd9bcb5d1621d1db493c6397b0bb9099fd8d0b3380b6ae5","","success",""
"Artifact","","乐园遗落之花","乐园遗落之花","Sands","3321","https://wiki.hoyolab.com/pc/genshin/entry/3321?lang=zh-cn","https://upload-static.hoyoverse.com/hoyolab-wiki/2022/12/07/36540823/f4e5dde048f278e01371e56637a7bd1f_5837668632916524770.png","Artifacts/乐园遗落之花_3321/Sands/乐园遗落之花_Sands_3321.png","png","image/png","256","256","62934","1ab7010c3edc21a33bd15d9d53780a887079a10ab526da80694f8e7060b3e0d5","","success",""
"Artifact","","乐园遗落之花","乐园遗落之花","Goblet","3321","https://wiki.hoyolab.com/pc/genshin/entry/3321?lang=zh-cn","https://upload-static.hoyoverse.com/hoyolab-wiki/2022/12/07/36540823/30b5885215b1c09b6033b5cafe437d2c_9012698097655915176.png","Artifacts/乐园遗落之花_3321/Goblet/乐园遗落之花_Goblet_3321.png","png","image/png","256","256","44529","191a4bfa94fb380b8ddbb46f5a18c29c0f03ce7e46bffa8f8d7558cc0965ad12","","success",""
"Artifact","","乐园遗落之花","乐园遗落之花","Circlet","3321","https://wiki.hoyolab.com/pc/genshin/entry/3321?lang=zh-cn","https://upload-static.hoyoverse.com/hoyolab-wiki/2022/12/07/36540823/baf7c8bd6eba7afe0c71c9bf8cc6f96b_6075550545296760728.png","Artifacts/乐园遗落之花_3321/Circlet/乐园遗落之花_Circlet_3321.png","png","image/png","256","256","59048","cf62736fac54658a0799b16aa3aad3416188e4beb328d6d5729df7a88d39a48f","","success",""
"Artifact","","饰金之梦","饰金之梦","Flower","2673","https://wiki.hoyolab.com/pc/genshin/entry/2673?lang=zh-cn","https://upload-static.hoyoverse.com/hoyolab-wiki/2022/08/24/36540823/892e17a4a5d0b9438bf3581d88bf209e_8587591605895022556.png","Artifacts/饰金之梦_2673/Flower/饰金之梦_Flower_2673.png","png","image/png","256","256","52653","59ede45ca13252c9435036946f23368dcb55e2e388068ea83b89f93d295875d7","","success",""
"Artifact","","饰金之梦","饰金之梦","Plume","2673","https://wiki.hoyolab.com/pc/genshin/entry/2673?lang=zh-cn","https://upload-static.hoyoverse.com/hoyolab-wiki/2022/08/24/36540823/ae8a2c6f24df66e1bd7cc2dbd83d330d_4493752465984330713.png","Artifacts/饰金之梦_2673/Plume/饰金之梦_Plume_2673.png","png","image/png","256","256","56254","26b68d6f0edee4b009670499fc11bfbd24afe36f263af567d7ecee89cece0800","","success",""
"Artifact","","饰金之梦","饰金之梦","Sands","2673","https://wiki.hoyolab.com/pc/genshin/entry/2673?lang=zh-cn","https://upload-static.hoyoverse.com/hoyolab-wiki/2022/08/24/36540823/3668bbfcc8d7242aa295b7e073e71d9f_2828531833748692924.png","Artifacts/饰金之梦_2673/Sands/饰金之梦_Sands_2673.png","png","image/png","256","256","47860","5724c57785d3685ac5f039b9ed6ec11db679801dda4e8f9129e6c6823d5e6d30","","success",""
"Artifact","","饰金之梦","饰金之梦","Goblet","2673","https://wiki.hoyolab.com/pc/genshin/entry/2673?lang=zh-cn","https://upload-static.hoyoverse.com/hoyolab-wiki/2022/08/24/36540823/b195ea9ea3c908859ea4e09e409305a2_5415310922148251836.png","Artifacts/饰金之梦_2673/Goblet/饰金之梦_Goblet_2673.png","png","image/png","256","256","40699","a816bcce01e14bc7a27128e6a621c507181566737a897963614656267072df67","","success",""
"Artifact","","饰金之梦","饰金之梦","Circlet","2673","https://wiki.hoyolab.com/pc/genshin/entry/2673?lang=zh-cn","https://upload-static.hoyoverse.com/hoyolab-wiki/2022/08/24/36540823/8842156fb124596d6a0d7aa56f8483e0_5523056758266603385.png","Artifacts/饰金之梦_2673/Circlet/饰金之梦_Circlet_2673.png","png","image/png","256","256","56627","4016916201c636b8ace7f0594d6cdaf8261ce13ca028499aeec0ed8f28c6a41b","","success",""
"Artifact","","深林的记忆","深林的记忆","Flower","2672","https://wiki.hoyolab.com/pc/genshin/entry/2672?lang=zh-cn","https://upload-static.hoyoverse.com/hoyolab-wiki/2022/08/24/36540823/11abc6739dff1cf50b95b394a3462162_4827972428504820888.png","Artifacts/深林的记忆_2672/Flower/深林的记忆_Flower_2672.png","png","image/png","256","256","61685","eaf69459c38c24cc0ba5c9789a3bc6d0de0835d7d61e27fa0115e7545be6cb99","","success",""
"Artifact","","深林的记忆","深林的记忆","Plume","2672","https://wiki.hoyolab.com/pc/genshin/entry/2672?lang=zh-cn","https://upload-static.hoyoverse.com/hoyolab-wiki/2022/08/24/36540823/f526e111c9c7dcbaed0d7fd8c8d58ef2_4965066738249702799.png","Artifacts/深林的记忆_2672/Plume/深林的记忆_Plume_2672.png","png","image/png","256","256","76743","5b50aa2e86880c93917ae114238b7c165245aa221deeb16501d12c81196f0294","","success",""
"Artifact","","深林的记忆","深林的记忆","Sands","2672","https://wiki.hoyolab.com/pc/genshin/entry/2672?lang=zh-cn","https://upload-static.hoyoverse.com/hoyolab-wiki/2022/08/24/36540823/80ddb6398975e6b891e383a30079b873_5590392721975219771.png","Artifacts/深林的记忆_2672/Sands/深林的记忆_Sands_2672.png","png","image/png","256","256","63088","5445ea26ce9897d4d55b3f153d68f6e96087abdc6526db6848c03427150c02a1","","success",""
"Artifact","","深林的记忆","深林的记忆","Goblet","2672","https://wiki.hoyolab.com/pc/genshin/entry/2672?lang=zh-cn","https://upload-static.hoyoverse.com/hoyolab-wiki/2022/08/24/36540823/9339ebbf175d61844f0b4fafddf7c601_6194937861855674715.png","Artifacts/深林的记忆_2672/Goblet/深林的记忆_Goblet_2672.png","png","image/png","256","256","55165","41028c5be5826ba4a1644fe2aa2b4a707c6e0af900cbe6ccd4f0c9f84e670bdc","","success",""
"Artifact","","深林的记忆","深林的记忆","Circlet","2672","https://wiki.hoyolab.com/pc/genshin/entry/2672?lang=zh-cn","https://upload-static.hoyoverse.com/hoyolab-wiki/2022/08/24/36540823/05d12e842479ba0a1427baba124c4929_6471335998308855844.png","Artifacts/深林的记忆_2672/Circlet/深林的记忆_Circlet_2672.png","png","image/png","256","256","61508","9d3df5db401cf728c42790d95400bffc8601c266be76a59b652154735119ba44","","success",""
"Artifact","","逆飞的流星","逆飞的流星","Flower","2099","https://wiki.hoyolab.com/pc/genshin/entry/2099?lang=zh-cn","https://bbs.hoyolab.com/hoyowiki/picture/reliquary/Retracing Bolide/circlet_of_logos_icon.png","Artifacts/逆飞的流星_2099/Flower/逆飞的流星_Flower_2099.png","png","image/png","256","256","77530","4025db85cff34e04cf805cf104191cccf9ae53bc0f1cc9ba1c68906d772fe408","","success",""
"Artifact","","逆飞的流星","逆飞的流星","Plume","2099","https://wiki.hoyolab.com/pc/genshin/entry/2099?lang=zh-cn","https://bbs.hoyolab.com/hoyowiki/picture/reliquary/Retracing Bolide/flower_of_life_icon.png","Artifacts/逆飞的流星_2099/Plume/逆飞的流星_Plume_2099.png","png","image/png","256","256","101206","50cf34410f1544881d7f6544dbcce195ebb6575dfb02aca6f0f8f78252b94e2a","","success",""
"Artifact","","逆飞的流星","逆飞的流星","Sands","2099","https://wiki.hoyolab.com/pc/genshin/entry/2099?lang=zh-cn","https://bbs.hoyolab.com/hoyowiki/picture/reliquary/Retracing Bolide/goblet_of_eonothem_icon.png","Artifacts/逆飞的流星_2099/Sands/逆飞的流星_Sands_2099.png","png","image/png","256","256","82456","ea261b3ffc616de0e2daa1d96745518647074f40caf7542acb2f976027ccf975","","success",""
"Artifact","","逆飞的流星","逆飞的流星","Goblet","2099","https://wiki.hoyolab.com/pc/genshin/entry/2099?lang=zh-cn","https://bbs.hoyolab.com/hoyowiki/picture/reliquary/Retracing Bolide/plume_of_death_icon.png","Artifacts/逆飞的流星_2099/Goblet/逆飞的流星_Goblet_2099.png","png","image/png","256","256","88699","db13f020b48033e38056db29ed6041c723090c21de44235a7eafbe79abf1d6b6","","success",""
"Artifact","","逆飞的流星","逆飞的流星","Circlet","2099","https://wiki.hoyolab.com/pc/genshin/entry/2099?lang=zh-cn","https://bbs.hoyolab.com/hoyowiki/picture/reliquary/Retracing Bolide/sands_of_eon_icon.png","Artifacts/逆飞的流星_2099/Circlet/逆飞的流星_Circlet_2099.png","png","image/png","256","256","98646","cdcf7538c6b72fe17a406d76ea8b72ac6c70c3b96334c3393f21007601ee7192","","success",""
"Artifact","","追忆之注连","追忆之注连","Flower","2098","https://wiki.hoyolab.com/pc/genshin/entry/2098?lang=zh-cn","https://bbs.hoyolab.com/hoyowiki/picture/reliquary/Shimenawa's Reminiscence/circlet_of_logos_icon.png","Artifacts/追忆之注连_2098/Flower/追忆之注连_Flower_2098.png","png","image/png","256","256","77138","525f190254385deda92b6d12f42f7d7eba19d4620e70797c99482679522f984c","","success",""
"Artifact","","追忆之注连","追忆之注连","Plume","2098","https://wiki.hoyolab.com/pc/genshin/entry/2098?lang=zh-cn","https://bbs.hoyolab.com/hoyowiki/picture/reliquary/Shimenawa's Reminiscence/flower_of_life_icon.png","Artifacts/追忆之注连_2098/Plume/追忆之注连_Plume_2098.png","png","image/png","256","256","72988","1f6486c56662ab8d21bd18d4e4ea70627dbba0ce346ed8d4212aa09f74d78c82","","success",""
"Artifact","","追忆之注连","追忆之注连","Sands","2098","https://wiki.hoyolab.com/pc/genshin/entry/2098?lang=zh-cn","https://bbs.hoyolab.com/hoyowiki/picture/reliquary/Shimenawa's Reminiscence/goblet_of_eonothem_icon.png","Artifacts/追忆之注连_2098/Sands/追忆之注连_Sands_2098.png","png","image/png","256","256","68808","1e5153e6f6eba98b4779b433ca55d1410a4a82e9badb4134f838c2c32baa946b","","success",""
"Artifact","","追忆之注连","追忆之注连","Goblet","2098","https://wiki.hoyolab.com/pc/genshin/entry/2098?lang=zh-cn","https://bbs.hoyolab.com/hoyowiki/picture/reliquary/Shimenawa's Reminiscence/plume_of_death_icon.png","Artifacts/追忆之注连_2098/Goblet/追忆之注连_Goblet_2098.png","png","image/png","256","256","61938","5538d7e13984f99d429b6847a22951da8d84b62c758972c72aa63b19af797c96","","success",""
"Artifact","","追忆之注连","追忆之注连","Circlet","2098","https://wiki.hoyolab.com/pc/genshin/entry/2098?lang=zh-cn","https://bbs.hoyolab.com/hoyowiki/picture/reliquary/Shimenawa's Reminiscence/sands_of_eon_icon.png","Artifacts/追忆之注连_2098/Circlet/追忆之注连_Circlet_2098.png","png","image/png","256","256","80816","ab517e9285e58184f76ad7509f744fbe73ebb28100be83c87aea69b6f272a1a5","","success",""
"Artifact","","辰砂往生录","辰砂往生录","Flower","2097","https://wiki.hoyolab.com/pc/genshin/entry/2097?lang=zh-cn","https://bbs.hoyolab.com/hoyowiki/picture/reliquary/Vermillion Hereafter/circlet_of_logos_icon.png","Artifacts/辰砂往生录_2097/Flower/辰砂往生录_Flower_2097.png","png","image/png","256","256","71835","03bdc2102b82a09a6d4abb6201d8eeb552acd58dd5be7fb85bb14b7ef85ff82d","","success",""
"Artifact","","辰砂往生录","辰砂往生录","Plume","2097","https://wiki.hoyolab.com/pc/genshin/entry/2097?lang=zh-cn","https://bbs.hoyolab.com/hoyowiki/picture/reliquary/Vermillion Hereafter/flower_of_life_icon.png","Artifacts/辰砂往生录_2097/Plume/辰砂往生录_Plume_2097.png","png","image/png","256","256","69633","e133d45205ce8b9728840845a5ef69b6917a16e1bfe49eed51348200ad98fe74","","success",""
"Artifact","","辰砂往生录","辰砂往生录","Sands","2097","https://wiki.hoyolab.com/pc/genshin/entry/2097?lang=zh-cn","https://bbs.hoyolab.com/hoyowiki/picture/reliquary/Vermillion Hereafter/goblet_of_eonothem_icon.png","Artifacts/辰砂往生录_2097/Sands/辰砂往生录_Sands_2097.png","png","image/png","256","256","61798","828a62ab315f335e9c8c37ff8ddc59317e7a36e32977aa52d032c6d10a0a2282","","success",""
"Artifact","","辰砂往生录","辰砂往生录","Goblet","2097","https://wiki.hoyolab.com/pc/genshin/entry/2097?lang=zh-cn","https://bbs.hoyolab.com/hoyowiki/picture/reliquary/Vermillion Hereafter/plume_of_death_icon.png","Artifacts/辰砂往生录_2097/Goblet/辰砂往生录_Goblet_2097.png","png","image/png","256","256","58579","a8ef826edc051b81de57f87fb82418080ef243f40652ea7c0d36928330ddd287","","success",""
"Artifact","","辰砂往生录","辰砂往生录","Circlet","2097","https://wiki.hoyolab.com/pc/genshin/entry/2097?lang=zh-cn","https://bbs.hoyolab.com/hoyowiki/picture/reliquary/Vermillion Hereafter/sands_of_eon_icon.png","Artifacts/辰砂往生录_2097/Circlet/辰砂往生录_Circlet_2097.png","png","image/png","256","256","69335","fdaed3cb4b40c614d8f7ebce267be6f808e5bc277a0259b71b8e47e2cc2fbad6","","success",""
"Artifact","","赌徒","赌徒","Flower","2096","https://wiki.hoyolab.com/pc/genshin/entry/2096?lang=zh-cn","https://bbs.hoyolab.com/hoyowiki/picture/reliquary/Gambler/circlet_of_logos_icon.png","Artifacts/赌徒_2096/Flower/赌徒_Flower_2096.png","png","image/png","256","256","48038","5ab39feb6235b28a70ef8c72812fe80c9501b6392b4bb7863c834179d167d3f9","","success",""
"Artifact","","赌徒","赌徒","Plume","2096","https://wiki.hoyolab.com/pc/genshin/entry/2096?lang=zh-cn","https://bbs.hoyolab.com/hoyowiki/picture/reliquary/Gambler/flower_of_life_icon.png","Artifacts/赌徒_2096/Plume/赌徒_Plume_2096.png","png","image/png","256","256","61467","1d415bbbc03a21aa72aeb3f741c856161c14ec91e384fb804244dba17bd3898b","","success",""
"Artifact","","赌徒","赌徒","Sands","2096","https://wiki.hoyolab.com/pc/genshin/entry/2096?lang=zh-cn","https://bbs.hoyolab.com/hoyowiki/picture/reliquary/Gambler/goblet_of_eonothem_icon.png","Artifacts/赌徒_2096/Sands/赌徒_Sands_2096.png","png","image/png","256","256","46931","4a8798b35b4ddf8e0e1738903833526bd644b35132ac579fe0151e412a08265a","","success",""
"Artifact","","赌徒","赌徒","Goblet","2096","https://wiki.hoyolab.com/pc/genshin/entry/2096?lang=zh-cn","https://bbs.hoyolab.com/hoyowiki/picture/reliquary/Gambler/plume_of_death_icon.png","Artifacts/赌徒_2096/Goblet/赌徒_Goblet_2096.png","png","image/png","256","256","41288","2c6bbd1d7122d5fe6c04a31d9b973a7049802014ccc7a6466df1fa7b13bc4c4a","","success",""
"Artifact","","赌徒","赌徒","Circlet","2096","https://wiki.hoyolab.com/pc/genshin/entry/2096?lang=zh-cn","https://bbs.hoyolab.com/hoyowiki/picture/reliquary/Gambler/sands_of_eon_icon.png","Artifacts/赌徒_2096/Circlet/赌徒_Circlet_2096.png","png","image/png","256","256","64870","590bf3136aba37a7cd8323d249ab847f85fad940397a38234708e308bf5b6e12","","success",""
"Artifact","","角斗士的终幕礼","角斗士的终幕礼","Flower","2095","https://wiki.hoyolab.com/pc/genshin/entry/2095?lang=zh-cn","https://bbs.hoyolab.com/hoyowiki/picture/reliquary/Gladiator's Finale/circlet_of_logos_icon.png","Artifacts/角斗士的终幕礼_2095/Flower/角斗士的终幕礼_Flower_2095.png","png","image/png","256","256","87072","d37fa6a582ffe4967766829dc860f755fa4299dcbd3526a016b33c0f8844ff2d","","success",""
"Artifact","","角斗士的终幕礼","角斗士的终幕礼","Plume","2095","https://wiki.hoyolab.com/pc/genshin/entry/2095?lang=zh-cn","https://bbs.hoyolab.com/hoyowiki/picture/reliquary/Gladiator's Finale/flower_of_life_icon.png","Artifacts/角斗士的终幕礼_2095/Plume/角斗士的终幕礼_Plume_2095.png","png","image/png","256","256","84716","819bc9094c6fedc0c7c00fa55f3d8a17620f0f722f7bc2fdda8db3f392830781","","success",""
"Artifact","","角斗士的终幕礼","角斗士的终幕礼","Sands","2095","https://wiki.hoyolab.com/pc/genshin/entry/2095?lang=zh-cn","https://bbs.hoyolab.com/hoyowiki/picture/reliquary/Gladiator's Finale/goblet_of_eonothem_icon.png","Artifacts/角斗士的终幕礼_2095/Sands/角斗士的终幕礼_Sands_2095.png","png","image/png","256","256","78821","57bcc8c636fdcf4704acc1a951045269191bf6b4b7049d2a0fb477ce2e3812f5","","success",""
"Artifact","","角斗士的终幕礼","角斗士的终幕礼","Goblet","2095","https://wiki.hoyolab.com/pc/genshin/entry/2095?lang=zh-cn","https://bbs.hoyolab.com/hoyowiki/picture/reliquary/Gladiator's Finale/plume_of_death_icon.png","Artifacts/角斗士的终幕礼_2095/Goblet/角斗士的终幕礼_Goblet_2095.png","png","image/png","256","256","68830","6370ad6fcca8ee892afe1cb413d923e6728060b87adec2b85565dd94630bac7d","","success",""
"Artifact","","角斗士的终幕礼","角斗士的终幕礼","Circlet","2095","https://wiki.hoyolab.com/pc/genshin/entry/2095?lang=zh-cn","https://bbs.hoyolab.com/hoyowiki/picture/reliquary/Gladiator's Finale/sands_of_eon_icon.png","Artifacts/角斗士的终幕礼_2095/Circlet/角斗士的终幕礼_Circlet_2095.png","png","image/png","256","256","86512","43ca75a16aafd4da3b63629b937de8c256bd0bcf55b0a3dd4c6c3575681c5286","","success",""
"Artifact","","被怜爱的少女","被怜爱的少女","Flower","2094","https://wiki.hoyolab.com/pc/genshin/entry/2094?lang=zh-cn","https://bbs.hoyolab.com/hoyowiki/picture/reliquary/Maiden Beloved/circlet_of_logos_icon.png","Artifacts/被怜爱的少女_2094/Flower/被怜爱的少女_Flower_2094.png","png","image/png","256","256","85073","efb75726b0ec734ce8550cee65925c03bcab28762d6d23a1aa8fc60da874a60d","","success",""
"Artifact","","被怜爱的少女","被怜爱的少女","Plume","2094","https://wiki.hoyolab.com/pc/genshin/entry/2094?lang=zh-cn","https://bbs.hoyolab.com/hoyowiki/picture/reliquary/Maiden Beloved/flower_of_life_icon.png","Artifacts/被怜爱的少女_2094/Plume/被怜爱的少女_Plume_2094.png","png","image/png","256","256","96942","9045ace7ceac480ba5256450f4c87370114551d7c5af41fb717e4d82e0d31ded","","success",""
"Artifact","","被怜爱的少女","被怜爱的少女","Sands","2094","https://wiki.hoyolab.com/pc/genshin/entry/2094?lang=zh-cn","https://bbs.hoyolab.com/hoyowiki/picture/reliquary/Maiden Beloved/goblet_of_eonothem_icon.png","Artifacts/被怜爱的少女_2094/Sands/被怜爱的少女_Sands_2094.png","png","image/png","256","256","87518","65b0f7b8e45713e3ec2f53f6e8866f3eaaaaeafbe07520d3f45bfb2c19be1d6d","","success",""
"Artifact","","被怜爱的少女","被怜爱的少女","Goblet","2094","https://wiki.hoyolab.com/pc/genshin/entry/2094?lang=zh-cn","https://bbs.hoyolab.com/hoyowiki/picture/reliquary/Maiden Beloved/plume_of_death_icon.png","Artifacts/被怜爱的少女_2094/Goblet/被怜爱的少女_Goblet_2094.png","png","image/png","256","256","70375","e650359eeeb0f84c2651ff5dfe4854e90d5aa7142ee7e05dfd5107949f76d29d","","success",""
"Artifact","","被怜爱的少女","被怜爱的少女","Circlet","2094","https://wiki.hoyolab.com/pc/genshin/entry/2094?lang=zh-cn","https://bbs.hoyolab.com/hoyowiki/picture/reliquary/Maiden Beloved/sands_of_eon_icon.png","Artifacts/被怜爱的少女_2094/Circlet/被怜爱的少女_Circlet_2094.png","png","image/png","256","256","82907","e011e0c15037c9a8da2477fe28270ce4d626b732cd2a626585ad9faccd8aeb1d","","success",""
